Sample ID,Bird ID,Sample Type,Capture Date,Sample Date,Detailed Capture Location,General Capture Location,Sex,Comb for ticks,Number of ticks,Nymphs,Larva,Adult,Weight with bag,Bag weight,Weight without bag,Beak length (mm),Beak Depth (mm),Tarsus Length (mm),Wing length (mm),Blood in EDTA (Y/N),Feather Sample (Y/N),Muscle Sample (Y/N),Liver Sample (Y/N),Spleen Sample (Y/N),Cloacal Swab (Y/N),Oropharyngeal Swab (Y/N),Notes
0001,N-0001,Necropsy,6-Jul-16,20-Jul-16,NAS Mayport,Jacksonville,Male,Y,0,0,0,0,,,425,55.9,14.8,,,Y,,Y,Y,Y,N,N,Weight was taken while brid was wet
0002,N-0002,Necropsy,15-Jun-16,20-Jul-16,NAS Mayport,Jacksonville,Male,Y,0,0,0,0,,,440,57.6,,,,,,Y,Y,Y,N,N,"fluff patches on chest (upper breasts) and on either side below the wings, wieght not accuract, bird wet and already cut, necropsy started originially on 7/19, completed on 7/20 at FWC along with N-001 and N-003"
0003,N-0003,Necropsy,27-May-16,20-Jul-16,NAS Jacksonville,Jacksonville,Male,Y,0,0,0,0,,,380,56.9,15.8,,,Y,,Y,Y,Y,N,N,
0004,N-0004,Necropsy,2-Jun-16,28-Jul-16,Eglin AFB- Hotel Taxiway,Valparaiso,Male,Y,0,0,0,0,330,20,310,55.3,13.9,,,Y,,Y,Y,Y,N,N,
0005,N-0005,Necropsy,16-Jun-16,28-Jul-16,Jacksonville International Airport,Jacksonville,Male,Y,0,0,0,0,390,8,382,54.1,14.6,,,Y,,Y,Y,Y,N,N,
0006,N-0006,Necropsy,16-Jun-16,28-Jul-16,Jacksonville International Airport,Jacksonville,Male,Y,0,0,0,0,345,8,337,56.5,13.9,,,Y,,Y,Y,Y,N,N,"Broken left wing, broken right leg"
0007,N-0007,Necropsy,7-Jul-16,28-Jul-16,OLF Site #8,Milton,Male,Y,0,0,0,0,380,15,365,56.9,14.3,,,Y,,Y,Y,Y,N,N,"Broken right wing, dark feet and orange streaking in beak, darker breeding feather, mature adult?, healthy- fat in thoracic cavity, muscular breasts"
0008,N-0008,Necropsy,11-Jul-16,29-Jul-16,N. Whiting Field,Milton,Female,Y,0,0,0,0,310,9,301,53.6,13.1,,,Y,,Y,Y,Y,N,N,lots of coagulated blood
0009,N-0009,Necropsy,11-Jul-16,29-Jul-16,N. Whiting Field,Milton,Female,Y,0,0,0,0,275,10,265,53.1,14.8,,,Y,,Y,Y,Y,N,N,"~25 parasites collected from bag and feather, need to ID, underweight, stomach very small and hard"
0010,N-0010,Necropsy,11-Jul-16,29-Jul-16,N. Whiting Field,Milton,Female,Y,0,0,0,0,340,9,331,56.4,12.8,,,Y,,Y,Y,Y,N,N,
0011,N-0011,Necropsy,11-Jul-16,29-Jul-16,N. Whiting Field,Milton,Female,Y,0,0,0,0,342,10,332,58.6,13.5,,,Y,,Y,Y,Y,N,N,"Damaged wings, found ectoparasites (2)"
0012,N-0012,Necropsy,11-Jul-16,29-Jul-16,N. Whiting Field,Milton,Female,Y,0,0,0,0,350,10,340,55.6,13.9,,,Y,,Y,Y,Y,N,N,
0013,N-0013,Necropsy,11-Jul-16,29-Jul-16,N. Whiting Field,Milton,Female,Y,0,0,0,0,320,10,310,57,13.5,,,Y,,Y,Y,Y,N,N,"brokem left wing, measured right"
0014,N-0014,Necropsy,11-Jul-16,29-Jul-16,N. Whiting Field,Milton,Female,Y,0,0,0,0,345,10,335,55.8,14.5,,,Y,,Y,Y,Y,N,N,
0015,N-0015,Necropsy,11-Jul-16,29-Jul-16,N. Whiting Field,Milton,Female,Y,0,0,0,0,345,9,336,55.1,14.3,,,Y,,Y,Y,Y,N,N,
0016,876-76026,Live,11-Aug-16,11-Aug-16,Hermathria South- MAERC,Lake Placid,Unknown,Y,0,0,0,0,430,55,375,55.6,16.1,55.1,240,Y,,N,N,N,Y,Y,
0017,N-0017,Necropsy,7-Jul-16,26-Aug-16,OLF Spencer,Milton,Male,Y,0,0,0,0,350,8,342,54.3,13.9,83,248,Y,,Y,Y,Y,N,N,
0018,N-0018,Necropsy,7-Jul-16,26-Aug-16,OLF Spencer,Milton,Male,Y,0,0,0,0,400,5,395,57,14.6,80,255,Y,,Y,Y,Y,N,N,
0019,N-0019,Necropsy,7-Jul-16,26-Aug-16,OLF Spencer,Milton,Female,Y,0,0,0,0,310,8,302,53.8,12.9,75.5,232,Y,,Y,Y,,N,N,
0020,N-0020,Necropsy,7-Jul-16,26-Aug-16,OLF Spencer,Milton,Female,Y,0,0,0,0,390,9,381,57.2,13.9,82.2,249,Y,,Y,Y,Y,N,N,
0021,N-0021,Necropsy,7-Jul-16,26-Aug-16,OLF Spencer,Milton,Female,Y,0,0,0,0,370,8,362,57.4,11.4,83.1,255,Y,,Y,Y,Y,N,N,
0022,N-0022,Necropsy,,26-Aug-16,Jacksonville USDA,Jacksonville,Male,Y,0,0,0,0,570,90,480,60.3,13.8,80,255,,,Y,Y,,N,N,"Clayton Jones, wet = why it's heavier?, fat around stomach"
0023,N-0023,Necropsy,9-Jun-16,31-Aug-16,Eglin AFB- approaching end of runway 19,Valparaiso,Male,Y,0,0,0,0,315,21,294,55.8,12.9,84.2,249,Y,,Y,,Y,N,N,"Broken beak/mangle neck, blood around head, small lower fluff patches, thin/unhealthy, small stomach"
0024,N-0024,Necropsy,6-Jun-16,31-Aug-16,Eglin AFB- infield corner 19/12 (runway,Valparaiso,Male,Y,0,0,0,0,320,24,296,56.2,15,79.8,241,Y,,Y,Y,Y,N,N,"small stomach, small testes"
0025,N-0025,Necropsy,5-Jul-16,31-Aug-16,Eglin AFB,Valparaiso,Female,Y,0,0,0,0,330,3,327,53.6,13.2,85.4,243,Y,,Y,Y,Y,N,N,N-0025 to N-0028 in same bag
0026,N-0026,Necropsy,5-Jul-16,31-Aug-16,Eglin AFB,Valparaiso,Female,Y,0,0,0,0,,,335,54.9,12.9,85.3,241,Y,,Y,Y,Y,N,N,N-0025 to N-0028 in same bag
0027,N-0027,Necropsy,5-Jul-16,31-Aug-16,Eglin AFB,Valparaiso,Male,Y,0,0,0,0,,,350,54.1,13.5,81.1,255,Y,,Y,Y,Y,N,N,N-0025 to N-0028 in same bag
0028,N-0028,Necropsy,5-Jul-16,31-Aug-16,Eglin AFB,Valparaiso,Male,Y,0,0,0,0,,,349,56.6,13.8,80.1,239,Y,,Y,Y,Y,N,N,N-0025 to N-0028 in same bag
0029,N-0029,Necropsy,14-Jul-16,31-Aug-16,N. Whiting Field,Milton,Female,Y,0,0,0,0,350,9.5,340.5,54.9,13.3,74.5,250,Y,,Y,Y,Y,N,N,
0030,N-0030,Necropsy,14-Jul-16,31-Aug-16,N. Whiting Field,Milton,Male,Y,0,0,0,0,400,10,390,56.7,13.9,85.5,260,Y,,Y,Y,Y,N,N,
0031,N-0031,Necropsy,14-Jul-16,31-Aug-16,N. Whiting Field,Milton,Female,Y,0,0,0,0,320,10,310,53.6,13.9,83.4,248,Y,,Y,Y,Y,N,N,
0032,N-0032,Necropsy,14-Jul-16,31-Aug-16,N. Whiting Field,Milton,Male,Y,0,0,0,0,375,15,360,59.5,11.9,88,262,Y,,Y,Y,Y,N,N,
0033,N-0033,Necropsy,14-Jul-16,31-Aug-16,N. Whiting Field,Milton,Male,Y,0,0,0,0,365,9.5,355.5,56,12.8,73.2,255,Y,,Y,Y,Y,N,N,small gonads
0034,N-0034,Necropsy,14-Jul-16,31-Aug-16,N. Whiting Field,Milton,Female,Y,0,0,0,0,345,9,336,57.1,13.9,78.5,255,Y,,Y,Y,Y,N,N,
0035,N-0035,Necropsy,14-Jul-16,31-Aug-16,N. Whiting Field,Milton,Female,Y,0,0,0,0,345,10,335,55.7,13.7,67.2,240,Y,,Y,Y,Y,N,N,broken wing
0036,N-0036,Necropsy,14-Jul-16,31-Aug-16,N. Whiting Field,Milton,Female,Y,0,0,0,0,340,10,330,58.3,15.8,79.3,250,Y,,Y,Y,Y,N,N,
0037,856-48350,Live,12-Sep-16,12-Aug-16,MAERC- Eucalyptus,Lake Placid,Unknown,Y,0,0,0,0,380,54.5,325.5,55.7,14.4,75.6,240,Y,,N,N,N,Y,Y,
0038,N-0038,Necropsy,29-Jun-16,16-Sep-16,MacDill AFB,Tampa,Female,Y,0,0,0,0,,,380,55.3,10.1,78.4,243,Y,,Y,Y,,N,N,"gavids(has eggs), abcess on intestine"
0039,N-0039,Necropsy,29-Jun-16,16-Sep-16,MacDill AFB,Tampa,Female,Y,0,0,0,0,,,280,54.3,14.3,73.2,229,Y,,Y,Y,Y,N,N,bagged with N-0038
0040,N-0040,Necropsy,14-Jul-16,16-Sep-16,KMCF (MacDill AFB),Tampa,Female,Y,0,0,0,0,,,290,48.7,12.4,75.8,241,Y,,Y,Y,Y,N,N,"like juvenile, very small and reproductive organs aren't really developed, female?"
0041,N-0041,Necropsy,6-Jul-16,16-Sep-16,KMCF (MacDill AFB),Tampa,Female,Y,0,0,0,0,330,7,323,56.3,14.7,86,255,Y,,Y,Y,Y,N,N,"flies collected, all found near gunshot wound"
0042,N-0042,Necropsy,13-Jun-16,16-Sep-16,KMCF (MacDill AFB),Tampa,Female,Y,0,0,0,0,,,340,53,11.2,79.2,245,Y,,Y,Y,Y,N,N,"burrs stuck in feathers, potential juvenile (still growing, not neceearily juvenile)"
0043,N-0043,Necropsy,20-Jun-16,16-Sep-16,MacDill AFB,Tampa,Female,Y,0,0,0,0,340,7,333,53.3,13.8,86.7,240,Y,,Y,Y,,N,N,developing yolks
0044,N-0044,Necropsy,6-Jul-16,16-Sep-16,KMCF (MacDill AFB),Tampa,Female,Y,0,0,0,0,,,,,,87.6,248,Y,,Y,Y,Y,N,N,"no head, small stomach, white intestines"
0045,856-48334,Live,19-Sep-16,19-Sep-16,MAERC- Tropical West,Lake Placid,Unknown,Y,0,0,0,0,380,60,320,57,10.9,84.7,256,Y,,N,N,N,Y,Y,
0046,856-48335,Live,26-Sep-16,26-Sep-16,MAERC- Dan's Field,Lake Placid,Unknown,Y,0,0,0,0,400,63,337,57.6,12.8,88.5,240,Y,,N,N,N,Y,Y,
0047,1056-07184,Live,26-Sep-16,26-Sep-16,MAERC- Airstrip pasture,Lake Placid,Unknown,Y,0,0,0,0,400,54,346,54.3,12.5,87.5,241,Y,,N,N,N,Y,Y,
0048,1056-07198,Live,26-Sep-16,26-Sep-16,MAERC- Airstrip pasture,Lake Placid,Unknown,Y,0,0,0,0,420,55,365,57.9,11.5,77.7,248,Y,,N,N,N,Y,Y,
0049,1056-07185,Live,9-Oct-16,9-Oct-16,MAERC- Tropical West,Lake Placid,Unknown,Y,0,0,0,0,410,55,355,56.1,15.2,85.3,240,Y,,N,N,N,Y,Y,caught with net gun
0050,1056-07186,Live,10-Oct-16,10-Oct-16,MAERC- Tropical West,Lake Placid,Unknown,Y,0,0,0,0,400,54,346,56,13.4,79.2,250,Y,,N,N,N,Y,Y,
0051,1056-07187,Live,10-Oct-16,10-Oct-16,MAERC- Tropcal East North,Lake Placid,Unknown,Y,0,0,0,0,400,53,347,55,13.8,90,241,Y,,N,N,N,Y,Y,
0052,1056-07188,Live,23-Oct-16,23-Oct-16,MAERC- Tropical West,Lake Placid,Unknown,Y,0,0,0,0,360,55,305,53.5,9.6,76.4,240,Y,,N,N,N,N,N,breeding colors almost entirely gone
0053,1056-07189,Live,23-Oct-16,23-Oct-16,MAERC- Tropical West,Lake Placid,Unknown,Y,0,0,0,0,400,55,345,56,12.1,85.3,246,Y,,N,N,N,Y,Y,"outer retrix collected, breeding plumage faint"
0054,1056-07190,Live,24-Oct-16,24-Oct-16,MAERC- Tropical West,Lake Placid,Unknown,Y,0,0,0,0,385,60,325,56,11.4,82.3,241,Y,,N,N,N,Y,Y,
0055,1056-07191,Live,24-Oct-16,24-Oct-16,MAERC- Tropical East North/Neck,Lake Placid,Unknown,Y,0,0,0,0,400,54,346,59.5,14.8,79.8,247,Y,,N,N,N,Y,Y,fenceline between tropical east north and tropical neck
0056,N-0056,Necropsy,23-Jun-16,9-Nov-16,MacDill AFB,Tampa,Male,Y,0,0,0,0,350,7,343,54.4,13.7,75.9,258,Y,Y,Y,Y,Y,N,N,
0057,N-0057,Necropsy,9-Jun-16,9-Nov-16,MacDill AFB,Tampa,Female,Y,0,0,0,0,,,372,59.8,14,78.9,242,Y,Y,Y,Y,Y,N,N,"bagged with N-0058, lots of fat on chest"
0058,N-0058,Necropsy,9-Jun-16,9-Nov-16,MacDill AFB,Tampa,Unknown,Y,0,0,0,0,380,15,365,56.5,14.1,81.5,252,Y,Y,Y,Y,Y,N,N,bagged with N-0057
0059,N-0059,Necropsy,21-Jun-16,9-Nov-16,KMCF (MacDill AFB),Tampa,Female,Y,0,0,0,0,350,10,340,59.1,14.5,84.3,230,Y,Y,Y,Y,Y,N,N,
0060,N-0060,Necropsy,2-Jun-16,9-Nov-16,KMCF (MacDill AFB),Tampa,Male,Y,0,0,0,0,360,16,344,62.1,14.4,90.7,250,Y,Y,Y,Y,Y,N,N,
0061,N-0061,Necropsy,21-Jun-16,9-Nov-16,KMCF (MacDill AFB),Tampa,Female,Y,0,0,0,0,400,15,385,54.5,13.9,77.5,249,Y,Y,Y,Y,,N,N,starting to form yolk
0062,N-0062,Necropsy,21-Jun-16,9-Nov-16,KMCF (MacDill AFB),Tampa,Male,Y,0,0,0,0,420,15,405,53.8,15.2,83.8,255,Y,Y,Y,Y,Y,N,N,fat on chest and stomach
0063,N-0063,Necropsy,13-Jul-16,9-Nov-16,KMCF (MacDill AFB),Tampa,Female,Y,0,0,0,0,365,7,358,,,78,257,Y,Y,Y,Y,Y,N,N,"no face, lots of fat on chest and stomach, yolk starting to form"
0064,N-0064,Necropsy,21-Jun-16,9-Nov-16,KMCF (MacDill AFB),Tampa,Female,Y,0,0,0,0,360,16,344,53.3,15.2,78.7,246,Y,Y,Y,Y,Y,N,N,yolk forming
0065,N-0065,Necropsy,20-Jun-16,9-Nov-16,KMCF (MacDill AFB),Tampa,Male,Y,0,0,0,0,380,15,365,56.1,15.1,79.2,244,Y,Y,Y,Y,Y,N,N,
0066,N-0066,Necropsy,3-Jun-16,11-Nov-16,KMCF (MacDill AFB),Tampa,Female,Y,0,0,0,0,375,16,359,57.4,14.2,75.1,258,Y,Y,Y,Y,Y,N,N,"forming yolk, layer over muscle- brighter color than normal fat"
0067,N-0067,Necropsy,14-Jul-16,11-Nov-16,N. Whiting Field,Milton,Female,Y,0,0,0,0,350,9.5,340.5,52,13.1,84.2,248,Y,Y,Y,Y,Y,N,N,
0068,N-0068,Necropsy,14-Jul-16,11-Nov-16,N. Whiting Field,Milton,Female,Y,0,0,0,0,320,11,309,57.4,12.6,85.1,244,Y,Y,Y,Y,Y,N,N,
0069,N-0069,Necropsy,14-Jul-16,11-Nov-16,N. Whiting Field,Milton,Male,Y,0,0,0,0,,,315,54.3,12.3,81.3,257,Y,Y,Y,Y,,N,N,"small testes, faint breeding plumange, juvenile?, lots of fat on chest and stomach"
0070,N-0070,Necropsy,14-Jul-16,11-Nov-16,N. Whiting Field,Milton,Female,Y,0,0,0,0,350,10,340,54.2,13.9,87,251,Y,Y,Y,Y,,N,N,"green fluids coming from cloaca, appears to have been shot in stomach"
0071,N-0071,Necropsy,14-Jul-16,11-Nov-16,N. Whiting Field,Milton,Male,Y,0,0,0,0,400,10,390,56.5,13.8,88.5,250,Y,Y,Y,Y,Y,N,N,
0072,N-0072,Necropsy,14-Jul-16,11-Nov-16,N. Whiting Field,Milton,Female,Y,0,0,0,0,300,9,291,60,13.9,87.4,240,Y,Y,Y,Y,,N,N,"very faint breeding colors, stomach is very small"
0073,N-0073,Necropsy,14-Jul-16,11-Nov-16,N. Whiting Field,Milton,Male,Y,0,0,0,0,300,9,291,54.5,14.4,83.8,256,Y,Y,Y,Y,Y,N,N,"juvenile- very small testes, faint breeding plumage"
0074,N-0074,Necropsy,14-Jul-16,11-Nov-16,N. Whiting Field,Milton,Male,Y,0,0,0,0,315,10,305,58.5,13.9,79.8,265,Y,Y,Y,Y,Y,N,N,
0075,N-0075,Necropsy,14-Jul-16,11-Nov-16,N. Whiting Field,Milton,Unknown,Y,0,0,0,0,410,12,398,56.5,14.9,78.7,249,Y,Y,Y,Y,,N,N,
0076,N-0076,Necropsy,20-Jun-16,11-Nov-16,KMCF (MacDill AFB),Tampa,Unknown,Y,0,0,0,0,320,12.5,307.5,54.5,13.9,87.4,245,Y,Y,Y,Y,Y,N,N,juvenile? No breeding color
0077,N-0077,Necropsy,15-Jun-16,11-Nov-16,KMCF (MacDill AFB),Tampa,Unknown,Y,0,0,0,0,320,15,305,49.5,12.9,86.9,250,Y,Y,Y,Y,Y,N,N,"believed to be female but uncertain, juvenile? Very faint breeding color, white floof bredding patches"
0078,N-0078,Necropsy,,14-Nov-16,KMCF (MacDill AFB),Tampa,Male,Y,0,0,0,0,,,390,57.9,11.4,87,255,Y,Y,Y,Y,Y,N,N,bagged with N-0079
0079,N-0079,Necropsy,,14-Nov-16,KMCF (MacDill AFB),Tampa,Female,Y,0,0,0,0,,,320,57,12.8,80.7,241,Y,Y,Y,Y,Y,N,N,bagged with N-0078
0080,N-0080,Necropsy,15-Jul-16,14-Nov-16,N. Whiting Field,Milton,Male,Y,0,0,0,0,395,10,385,60.4,13.7,92,240,Y,Y,Y,Y,Y,N,N,
0081,N-0081,Necropsy,20-Jun-16,14-Nov-16,KMCF (MacDill AFB),Tampa,Male,Y,0,0,0,0,335,18,317,55.1,13,77,243,Y,Y,Y,Y,Y,N,N,3 flies
0082,N-0082,Necropsy,15-Jul-16,14-Nov-16,N. Whiting Field,Milton,Male,Y,0,0,0,0,345,9,336,59.3,15.5,88,252,Y,Y,Y,Y,Y,N,N,
0083,N-0083,Necropsy,15-Jun-16,14-Nov-16,MacDill AFB,Tampa,Female,Y,0,0,0,0,380,6,374,55.3,13.2,82.5,265,Y,Y,Y,Y,Y,N,N,
0084,N-0084,Necropsy,15-Jun-16,14-Nov-16,MacDill AFB,Tampa,Male,Y,0,0,0,0,,,320,53,9.9,72,255,Y,Y,Y,Y,Y,N,N,
0085,N-0085,Necropsy,15-Jun-16,14-Nov-16,MacDill AFB,Tampa,Female,Y,0,0,0,0,340,7,333,54.5,13.9,78.1,244,Y,Y,Y,Y,Y,N,N,
0086,N-0086,Necropsy,15-Jul-16,14-Nov-16,N. Whiting Field,Milton,Male,Y,0,0,0,0,,,415,53.7,11.8,79.8,239,Y,Y,Y,Y,Y,N,N,
0087,N-0087,Necropsy,15-Jul-16,14-Nov-16,N. Whiting Field,Milton,Female,Y,0,0,0,0,340,9,331,58.9,14.6,76.5,255,Y,Y,Y,Y,Y,N,N,
0088,N-0088,Necropsy,11-Jul-16,14-Nov-16,OLF Spencer,Milton,Male,Y,0,0,0,0,400,9,391,58.3,13.5,94.4,257,Y,Y,Y,Y,Y,N,N,
0089,N-0089,Necropsy,15-Jul-16,14-Nov-16,N. Whiting Field,Milton,Male,Y,0,0,0,0,335,11,324,54.6,14.9,75.1,252,Y,Y,Y,Y,Y,N,N,"1 worm- found on top of liver, stored in ethanol"
0090,N-0090,Necropsy,15-Jul-16,14-Nov-16,OLF Spencer,Milton,Female,Y,0,0,0,0,345,9,336,53.6,13.8,85.3,253,Y,Y,Y,Y,Y,N,N,
0091,1056-07192,Live,13-Dec-16,13-Dec-16,MAERC- Grove,Lake Placid,Unknown,Y,0,0,0,0,360,52,308,57,10.5,90,143,Y,Y,N,N,N,Y,Y,"1 fly (unable to capture), slight breeding colors on head, none on back or chest"
0092,1056-07193,Live,13-Dec-16,13-Dec-16,MAERC- Grove,Lake Placid,Unknown,Y,0,0,0,0,460,53,407,57.4,13,93.6,251,Y,Y,N,N,N,Y,Y,
0093,1056-07194,Live,13-Dec-16,13-Dec-16,MAERC- Grove,Lake Placid,Unknown,Y,0,0,0,0,410,54,356,53.5,11.9,76.1,255,Y,Y,N,N,N,Y,Y,band upside down
0094,1056-07195,Live,13-Dec-16,13-Dec-16,MAERC- Grove,Lake Placid,Unknown,Y,0,0,0,0,390,57,333,53.9,11.7,83.8,240,Y,Y,N,N,N,Y,Y,
0095,1056-07196,Live,14-Dec-16,14-Dec-16,MAERC- Grove,Lake Placid,Unknown,Y,0,0,0,0,440,59,381,55.8,14.3,89.1,243,Y,Y,N,N,N,Y,Y,net gun
0096,N-0096,Necropsy,14-Jun-16,18-Jan-17,KMCF (MacDill AFB),Tampa,Female,Y,0,0,0,0,,,360,55.9,13.1,84.6,239,Y,Y,Y,Y,Y,N,N,6 flies 
0097,N-0097,Necropsy,22-Oct-16,18-Jan-17,Key West ,Key West,Female,Y,0,0,0,0,,,300,46.9,11.3,78.3,243,Y,Y,Y,Y,Y,N,N,
0098,N-0098,Necropsy,3-Nov-16,18-Jan-17,Homestead,Homestead,Unknown,Y,0,0,0,0,,,290,52.6,10.1,84.4,240,Y,Y,Y,Y,Y,N,N,Likey male juvenile 
0099,N-0099,Necropsy,26-Jun-16,18-Jan-17,Key West ,Key West,Male,Y,0,0,0,0,,,290,46.8,13.3,80.3,241,Y,Y,Y,Y,Y,N,N,Likely juvenile 
0100,N-0100,Necropsy,26-Jun-16,18-Jan-17,Key West ,Key West,Female,Y,0,0,0,0,,,230,52.6,11,88,225,Y,Y,Y,Y,Y,N,N,1 fly 
0101,N-0101,Necropsy,5-Sep-16,18-Jan-17,Key West ,Key West,Unknown,Y,0,0,0,0,280,19,261,49.4,13.6,78.2,222,Y,Y,Y,Y,Y,N,N,"Stomach, heart and chest ripped open by shotgun "
0102,N-0102,Necropsy,17-Oct-16,18-Jan-17,Homestead ASR Antenna ,Homestead,Male,Y,0,0,0,0,,,280,,,84,246,Y,Y,Y,Y,Y,N,N,"Beak shot, juvenile, breeding plummage almost nonexistent "
0103,N-0103,Necropsy,8-Sep-16,18-Jan-17,Key West ,Key West,Male,Y,0,0,0,0,225,15,210,49.5,14.1,84.6,266,Y,Y,Y,Y,Y,N,N,Stomach very small
0104,N-0104,Necropsy,15-Oct-16,18-Jan-17,Homestead North end of Runway ,Homestead,Male,Y,0,0,0,0,,,290,54.9,11.5,85.4,235,Y,Y,Y,Y,Y,N,N,
0105,N-0105,Necropsy,18-Oct-16,18-Jan-17,Homestead North end of Runway ,Homestead,Male,Y,0,0,0,0,,,360,58,11.5,90.6,256,Y,Y,Y,Y,Y,N,N,
0106,N-0106,Necropsy,3-Nov-16,18-Jan-17,Homestead South end of Runway,Homestead,Unknown,Y,0,0,0,0,,,280,46.3,13.4,78.7,245,Y,Y,Y,Y,Y,N,N,"Likely male, juvenile, very little breeding plummage "
0107,N-0107,Necropsy,31-Oct-16,18-Jan-17,Homestead ,Homestead,Unknown,Y,0,0,0,0,,,240,50.9,10.2,81.1,237,Y,Y,Y,Y,Y,N,N,"Likely male, juvenile "
0108,N-0108,Necropsy,28-Oct-16,18-Jan-17,Homestead ARB near Flood Control Structure ,Homestead,Unknown,Y,0,0,0,0,,,305,48.5,12,80,247,Y,Y,Y,Y,Y,N,N,"Juvenile, faint breedding plummage, 2 unidentified specimens in ethanol tube, excess fat on stomach "
0109,N-0109,Necropsy,16-Jun-16,18-Jan-17,Homestead,Homestead,Male,Y,0,0,0,0,,,380,58,11.7,93.5,269,Y,Y,Y,Y,Y,N,N,"Bold gold breeding plummage on head, chest, and back"
0110,N-0110,Necropsy,16-Jun-16,18-Jan-17,Homestead ,Homestead,Unknown,Y,0,0,0,0,,,265,54.5,10.7,83.7,242,Y,Y,Y,Y,Y,N,N,"Likely male, juvenile, no breeding plummage"
0111,N-0111,Necropsy,16-Jun-16,18-Jan-17,Homestead,Homestead,Male,Y,0,0,0,0,300,10,290,47.9,12.7,78.4,243,Y,Y,Y,Y,Y,N,N,"1 fly, juvenile, no breeding plummage "
0112,N-0112,Necropsy,15-Oct-16,23-Jan-17,Homestead North end of Runway ,Homestead,Female,Y,0,0,0,0,310,10,300,48.2,12,78.4,248,Y,Y,Y,Y,Y,N,N,"juvenile, very faint breeding plummage, lots of fat on chest and stomach"
0113,N-0113,Necropsy,18-Aug-16,23-Jan-17,Homestead North end of Runway ,Homestead,Male,Y,0,0,0,0,300,10,290,46,11.8,78.9,257,Y,Y,Y,Y,Y,N,N,Very faint breeding plummage
0114,N-0114,Necropsy,17-Aug-16,23-Oct-17,Homestead ASR Antenna ,Homestead,Male,Y,0,0,0,0,255,10,245,47.5,12.3,80.6,259,Y,Y,Y,Y,Y,N,N,"juvenile, faint breeding plummage, looks sick and thin"
0115,N-0115,Necropsy,8-Sep-16,25-Jan-17,Key West ,Key West,Male,Y,0,0,0,0,280,13,267,74.4,47.1,12,237,Y,Y,Y,Y,Y,N,N,"Juvenile, stomach and chest shot"
0116,N-0116,Necropsy,8-Sep-16,25-Jan-17,Key West ,Key West,Male,Y,0,0,0,0,,,285,54.6,10.7,87.1,242,Y,Y,Y,Y,Y,N,N,
0117,N-0117,Necropsy,8-Sep-16,25-Jan-17,Key West ,Key West,Female,Y,0,0,0,0,300,12,288,46.6,11.2,89.7,249,Y,Y,Y,Y,Y,N,N,
0118,N-0118,Necropsy,14-Sep-16,25-Jan-17,Unknown,Unknown,Unknown,Y,0,0,0,0,,,255,46.4,10.7,72.7,251,Y,Y,Y,Y,Y,N,N,
0119,N-0119,Necropsy,17-Aug-16,25-Jan-17,Homestead ASR Antenna ,Homestead,Male,Y,0,0,0,0,,,360,47.8,12.6,85.7,259,Y,Y,Y,Y,Y,N,N,"1 fly, lots of muscle"
0120,N-0120,Necropsy,31-Aug-16,25-Jan-17,Homestead North end of Runway ,Homestead,Male,Y,0,0,0,0,,,235,46.7,10.2,78.5,240,Y,Y,Y,Y,Y,N,N,
0121,N-0121,Necropsy,18-Aug-16,25-Jan-17,Homestead North end of Runway ,Homestead,Unknown,Y,0,0,0,0,,,260,45.4,11.3,80.1,242,Y,Y,Y,Y,Y,N,N,Juvenile
0122,N-0122,Necropsy,19-Aug-16,25-Jan-17,Homestead North end of Runway ,Homestead,Unknown,Y,0,0,0,0,,,320,49.6,12.5,78.8,249,Y,Y,Y,Y,Y,N,N,"Juvenile, a lot of fat on stomach "
0123,N-0123,Necropsy,15-Aug-16,25-Jan-17,Homestead North end of Runway ,Homestead,Male,Y,0,0,0,0,,,300,50,10.2,81.5,257,Y,Y,Y,Y,Y,N,N,"Juvenile, a lot of fat on stomach "
0124,N-0124,Necropsy,15-Aug-16,25-Jan-17,Homestead North end of Runway ,Homestead,Female,Y,0,0,0,0,,,280,54.6,11.6,85.4,239,Y,Y,Y,Y,Y,N,N,A lot of fat on chest and stomach
0125,N-0125,Necropsy,3-Nov-16,25-Jan-17,Homestead South end of Runway,Homestead,Male,Y,0,0,0,0,,,290,54.2,12.1,85.2,244,Y,Y,Y,Y,Y,N,N,"Liver had black dots inside, could indicate worms "
0126,N-0126,Necropsy,17-Aug-16,25-Jan-17,Homestead ASR Antenna ,Homestead,Male,Y,0,0,0,0,,,350,50,12,86,259,Y,Y,Y,Y,Y,N,N,Juvenile
0127,N-0127,Necropsy,15-Oct-16,25-Jan-17,Homestead North end of Runway ,Homestead,Unknown,Y,0,0,0,0,,,310,54.2,11.3,86.5,241,Y,Y,Y,Y,Y,N,N,Juvenile 
0128,N-0128,Necropsy,15-Oct-16,22-Feb-17,Homestead North end of Runway ,Homestead,Female,Y,0,0,0,0,,,295,54.1,13.8,75.7,260,Y,Y,Y,Y,Y,N,N,Juvenile 
0129,N-0129,Necropsy,16-Jun-16,22-Feb-17,Homestead HARB,Homestead,Female,Y,0,0,0,0,,,300,46.3,10.6,75.1,247,Y,Y,Y,Y,Y,N,N,"Full plummage, fat on stomach, black lines on stomach collected in ethanol"
0130,N-0130,Necropsy,18-Oct-16,22-Feb-17,Homestead North end of Runway ,Homestead,Male,Y,0,0,0,0,,,360,52,13.1,90.9,255,Y,Y,Y,Y,Y,N,N,"Juvenile, no breeding plummage"
0131,N-0131,Necropsy,24-May-16,22-Feb-17,Homestead HARB,Homestead,Male,Y,0,0,0,0,360,7,353,46.7,11.4,80.9,250,Y,Y,Y,Y,Y,N,N,"Full breeding plummage, fat on stomach"
0132,N-0132,Necropsy,24-May-16,22-Feb-17,Homestead HARB,Homestead,Male,Y,0,0,0,0,,,350,50.1,10.3,80.1,265,Y,Y,Y,Y,Y,N,N,Full breeding plummage 
0133,N-0133,Necropsy,17-Oct-16,22-Feb-17,Homestead ASR Antenna ,Homestead,Male,Y,0,0,0,0,,,350,49.5,13.4,80.4,256,Y,Y,Y,Y,Y,N,N,"Juvenile, light breeding plummage only on head, fat on stomach, lizard found in esophagus (brown anole?), dark legs"
0134,N-0134,Necropsy,24-May-16,22-Feb-16,Homestead HARB,Homestead,Female,Y,0,0,0,0,240,10,230,51.6,12,76.5,259,Y,Y,Y,Y,Y,N,N,"Fertilized eggs, lots of breeding plummage, yellow legs"
0135,N-0135,Necropsy,11-Jul-16,5-Apr-17,N. Whiting Field,Milton,Male,Y,0,0,0,0,420,10,410,51.1,12.4,77.7,265,Y,Y,Y,Y,Y,N,N,"Full breeding plummage, adult"
0136,N-0136,Necropsy,11-Jul-16,5-Apr-17,N. Whiting Field,Milton,Male,Y,0,0,0,0,360,12,348,51,11.8,80,268,Y,Y,Y,Y,Y,N,N,"Full breeding plummage, small testes, orange legs"
0137,N-0137,Necropsy,11-Jul-16,5-Apr-17,N. Whiting Field,Milton,Male,Y,0,0,0,0,,,310,49.2,11.6,82.5,256,Y,Y,Y,Y,Y,N,N,"Full breeding plummage, orange legs"
0138,N-0138,Necropsy,11-Jul-16,5-Apr-17,N. Whiting Field,Milton,Female,Y,0,0,0,0,,,340,49.4,12.5,85,262,Y,Y,Y,Y,Y,N,N,"Full breeding plummage, dark legs"
0139,N-0139,Necropsy,11-Jul-16,5-Apr-17,N. Whiting Field,Milton,Female,Y,0,0,0,0,360,11,349,50.4,13.6,85.4,245,Y,Y,Y,Y,Y,N,N,"Full breeding plummage, orange legs"
0140,N-0140,Necropsy,11-Jul-16,5-Apr-17,N. Whiting Field,Milton,Unknown,Y,0,0,0,0,,,320,51,12.3,83.4,255,Y,Y,Y,Y,Y,N,N,"Gender unmarked in data sheet, full breeding plummage, light legs"
0141,N-0141,Necropsy,11-Jul-17,5-Apr-17,N. Whiting Field,Milton,Male,Y,0,0,0,0,,,350,47.3,13.2,77.9,252,Y,Y,Y,Y,Y,N,N,"Full breeding plummage, yellow legs"
0142,N-0142,Necropsy,8-Jun-16,5-Apr-17,NAS Jacksonville,Jacksonville,Female,Y,0,0,0,0,,,300,48.9,12.9,74.4,248,Y,Y,Y,Y,Y,N,N,"Very light breeding plummage, orange legs, fat on stomach "
0143,N-0143,Necropsy,6-Apr-17,18-May-17,NAS Mayport,Jacksonville,Male,Y,0,0,0,0,360,11,349,47.4,12.3,82.7,256,Y,Y,Y,Y,Y,N,N,"full breeding plummage, lots of fat around stomach"
0144,N-0144,Necropsy,6-Apr-17,18-May-17,NAS Mayport,Jacksonville,Male,Y,0,0,0,0,300,11,289,50.3,12.2,78.4,251,Y,Y,Y,Y,Y,N,N,"full breeding plummage, fat around stomach"
0145,N-0145,Necropsy,22-Nov-16,18-May-17,NAS Mayport,Jacksonville,Female,Y,0,0,0,0,310,20,290,46.5,12.7,81.7,246,Y,Y,Y,Y,Y,N,N,no breeding plummage
0146,N-0146,Necropsy,22-Nov-16,18-May-17,NAS Mayport,Jacksonville,Unknown,Y,0,0,0,0,380,12,368,53.4,12.9,81,271,Y,Y,Y,Y,Y,N,N,"very little breeding plummage, juvenile"
0147,N-0147,Necropsy,11-Aug-16,18-May-17,Jacksonville International Airport,Jacksonville,Female,Y,0,0,0,0,290,10,280,49.7,12.1,78.8,249,Y,Y,Y,Y,Y,N,N,"beak very yellow, no breeding plummage, juvenile"
0148,N-0148,Necropsy,2-Aug-16,18-May-17,Jacksonville International Airport,Jacksonville,Male,Y,0,0,0,0,375,9,366,52.3,12.8,81,254,Y,Y,Y,Y,Y,N,N,"Full breeding plummage, large stomach-just ate, small gonads"
0149,N-0149,Necropsy,28-Nov-16,18-May-17,NAS Mayport,Jacksonville,Female,Y,0,0,0,0,345,14,331,48.8,12.8,72.1,258,Y,Y,Y,Y,Y,N,N,"No breeding plummage, juvenile"
0150,N-0150,Necropsy,2-Aug-16,18-May-17,Jacksonville International Airport,Jacksonville,Male,Y,0,0,0,0,380,10,370,48.9,11.8,79,264,Y,Y,Y,Y,Y,N,N,"Full breeding plummage, yellp beak and legs, small gonads"
0151,N-0151,Necropsy,25-Jul-16,18-May-17,Jacksonville International Airport,Jacksonville,Unknown,Y,0,0,0,0,290,15,275,47.1,12.4,76.7,248,Y,Y,Y,Y,Y,N,N,"Dark beak, no plummage, juvenile"
0152,N-0152,Necropsy,21-Jul-16,18-May-17,Jacksonville International Airport,Jacksonville,Female,Y,0,0,0,0,330,7,223,46.5,12,74.4,243,Y,Y,Y,Y,Y,N,N,"full breeding plummage, adult"
0153,N-0153,Necropsy,25-Jul-16,18-May-17,Jacksonville International Airport,Jacksonville,Unknown,Y,0,0,0,0,280,12.5,257,47,12.5,78.8,257,Y,Y,Y,Y,Y,N,N,"Juvenile, no breeding plummage"
0154,N-0154,Necropsy,25-Jul-16,18-May-17,Jacksonville International Airport,Jacksonville,Female,Y,0,0,0,0,310,6,304,47.1,13,82.3,246,Y,Y,Y,Y,Y,N,N,"little breeding plummage on head, no where else, yellow beak and legs, juvenile"
0155,N-0155,Necropsy,20-Jun-16,5-Jun-17,OLF Spencer,Milton,Female,Y,0,0,0,0,355,17,338,48.8,13.1,79.4,241,Y,Y,Y,Y,Y,N,N,"adult, very light breeding plummage on head and none anywhere else, 155-164 bagged together"
0156,N-0156,Necropsy,20-Jun-16,5-Jun-17,OLF Spencer,Milton,Female,Y,0,0,0,0,390,22,368,48.9,11.5,79.3,245,Y,Y,Y,Y,Y,N,N,"breeding plummage light on head, none anywhere else, fat on stomach, large stomach, yokes starting to form, 155-164 bagged together"
0157,N-0157,Necropsy,20-Jun-16,5-Jun-17,OLF Spencer,Milton,Female,Y,0,0,0,0,350,17,333,53.5,12.2,76.3,253,Y,Y,Y,Y,Y,N,N,"full breeding plummage, 155-164 bagged together"
0158,N-0158,Necropsy,20-Jun-16,5-Jun-17,OLF Spencer,Milton,Male,Y,0,0,0,0,385,21,364,51.9,13.9,80.1,255,Y,Y,Y,Y,Y,N,N,"Light breeding plummage on head and back, none on chest, adult"
0159,N-0159,Necropsy,20-Jun-16,5-Jun-17,OLF Spencer,Milton,Female,Y,0,0,0,0,,,335,48.5,12.5,73.6,253,Y,Y,Y,Y,Y,N,N,Full breeding plummage
0160,N-0160,Necropsy,20-Jun-16,5-Jun-17,OLF Spencer,Milton,Female,Y,0,0,0,0,,,310,49,12.3,79.7,256,Y,Y,Y,Y,Y,N,N,Full breeding plummage
0161,N-0161,Necropsy,20-Jun-16,5-Jun-17,OLF Spencer,Milton,Unknown,Y,0,0,0,0,345,18,327,48.8,12.5,84.6,252,Y,Y,Y,Y,Y,N,N,"Gender unknown, too shredded up to tell, full breeding plummage (likely adult)"
0162,N-0162,Necropsy,20-Jun-16,5-Jun-17,OLF Spencer,Milton,Male,Y,0,0,0,0,390,21,369,51,14,86.2,249,Y,Y,Y,Y,Y,N,N,"Very light breeding plummage on head, none anywhere else"
0163,N-0163,Necropsy,20-Jun-16,5-Jun-17,OLF Spencer,Milton,Male,Y,0,0,0,0,370,18,352,53.5,14,80.1,256,Y,Y,Y,Y,Y,N,N,"Full breeding plummage, adult"
0164,N-0164,Necropsy,20-Jun-16,5-Jun-17,OLF Spencer,Milton,Female,Y,0,0,0,0,370,18,352,53.9,13.3,84.9,250,Y,Y,Y,Y,Y,N,N,Full breeding plummage
0165,N-0165,Necropsy,3-Aug-16,13-Jun-17,Jacksonville International Airport,Jacksonville,Female,Y,0,0,0,0,355,9,346,48,12,80.6,253,Y,Y,Y,Y,Y,N,N,Full breeding plummage
0166,N-0166,Necropsy,21-Jun-16,13-Jun-17,Jacksonville International Airport,Jacksonville,Male,Y,0,0,0,0,410,8,402,52,13.8,87.9,272,Y,Y,Y,Y,Y,N,N,"full breeding plummage, found fly"
0167,N-0167,Necropsy,15-Sep-16,13-Jun-17,N. Whiting Field,Milton,Male,Y,0,0,0,0,425,10,415,48.1,12.4,84,257,Y,Y,Y,Y,Y,N,N,"breeding plummage on head only- none on chest or back, juvenile, lots of fat on stomach"
0168,N-0168,Necropsy,9-Jun-16,13-Jun-17,NAS Jacksonville,Jacksonville,Female,Y,0,0,0,0,350,6,344,47.1,12,81.5,258,Y,Y,Y,Y,Y,N,N,"yolk forming, full breeding plummage"
0169,N-0169,Necropsy,24-May-16,13-Jun-17,NAS Mayport,Jacksonville,Male,Y,0,0,0,0,,,370,49.7,11.5,76,256,Y,Y,Y,Y,Y,N,N,"full breeding plummage, orange/brown coloration very widespread on wings as well as tail"
0170,N-0170,Necropsy,24-May-16,13-Jun-17,NAS Mayport,Jacksonville,Female,Y,0,0,0,0,,,320,47.4,12,79.6,264,Y,Y,Y,Y,Y,N,N,full breeding plummage
0171,N-0171,Necropsy,24-May-16,13-Jun-17,NAS Mayport,Jacksonville,Female,Y,0,0,0,0,,,340,48.3,11.7,76.1,252,Y,Y,Y,Y,Y,N,N,full breeding plummage
0172,N-0172,Necropsy,2-Aug-16,13-Jun-17,Jacksonville International Airport,Jacksonville,Male,Y,0,0,0,0,395,11,384,50.2,13.9,81.6,260,Y,Y,Y,Y,Y,N,N,"small testes, full breeding plummage, very yellow beak"
0173,N-0173,Necropsy,11-Aug-16,13-Jun-17,Jacksonville International Airport,Jacksonville,Female,Y,0,0,0,0,335,10,325,48.5,12.1,75.3,253,Y,Y,Y,Y,Y,N,N,"full breeding plummage, strange black line running across stomach, somach small and oddly shaped with bulge (picture taken on Shannon's phone)"
0174,N-0174,Necropsy,20-Jul-16,13-Jun-17,Jacksonville International Airport,Jacksonville,Female,Y,0,0,0,0,360,9,351,48.2,12.5,83.2,262,Y,Y,Y,Y,Y,N,N,full breeding plummage
0175,N-0175,Necropsy,1-Jun-16,14-Jun-17,OLF Spencer- Whiting Field,Milton,Male,Y,0,0,0,0,370,19,351,50.8,13.7,77.2,264,Y,Y,Y,Y,Y,N,N,"0175-0186 bagged together, full breeding plummage"
0176,N-0176,Necropsy,1-Jun-16,14-Jun-17,OLF Spencer- Whiting Field,Milton,Female,Y,0,0,0,0,345,17,328,47,12.4,75,252,Y,Y,Y,Y,Y,N,N,"0175-0186 bagged together, full breeding plummage"
0177,N-0177,Necropsy,1-Jun-16,14-Jun-17,OLF Spencer- Whiting Field,Milton,Female,Y,0,0,0,0,340,18,322,50.4,12.2,78.2,256,Y,Y,Y,Y,Y,N,N,"0175-0186 bagged together, full breeding plummage"
0178,N-0178,Necropsy,1-Jun-16,14-Jun-17,OLF Spencer- Whiting Field,Milton,Female,Y,0,0,0,0,370,17,353,50.2,12.5,76.8,260,Y,Y,Y,Y,Y,N,N,"0175-0186 bagged together, full breeding plummage"
0179,N-0179,Necropsy,1-Jun-16,14-Jun-17,OLF Spencer- Whiting Field,Milton,Male,Y,0,0,0,0,365,20,345,47,12.6,74.9,250,Y,Y,Y,Y,Y,N,N,"0175-0186 bagged together, full breeding plummage"
0180,N-0180,Necropsy,1-Jun-16,14-Jun-17,OLF Spencer- Whiting Field,Milton,Female,Y,0,0,0,0,345,18,327,47.7,12.2,76.6,254,Y,Y,Y,Y,Y,N,N,"0175-0186 bagged together, full breeding plummage"
0181,N-0181,Necropsy,1-Jun-16,14-Jun-17,OLF Spencer- Whiting Field,Milton,Female,Y,0,0,0,0,345,18,327,44.7,11.8,77.7,256,Y,Y,Y,Y,Y,N,N,"0175-0186 bagged together, full breeding plummage"
0182,N-0182,Necropsy,1-Jun-16,14-Jun-17,OLF Spencer- Whiting Field,Milton,Female,Y,0,0,0,0,335,18,317,50.3,12.6,76.8,255,Y,Y,Y,Y,Y,N,N,"0175-0186 bagged together, full breeding plummage"
0183,N-0183,Necropsy,1-Jun-16,14-Jun-17,OLF Spencer- Whiting Field,Milton,Male,Y,0,0,0,0,,,380,49.6,12.3,82.2,257,Y,Y,Y,Y,Y,N,N,"0175-0186 bagged together, full breeding plummage, large testes"
0184,N-0184,Necropsy,1-Jun-16,14-Jun-17,OLF Spencer- Whiting Field,Milton,Female,Y,0,0,0,0,335,18,317,46.8,12.3,81,256,Y,Y,Y,Y,Y,N,N,"0175-0186 bagged together, full breeding plummage"
0185,N-0185,Necropsy,1-Jun-16,15-Jun-17,OLF Spencer- Whiting Field,Milton,Female,Y,0,0,0,0,315,18,297,45.9,11.5,79.4,242,Y,Y,Y,Y,Y,N,N,"0175-0186 bagged together, full breeding plummage on head and back, none on chest"
0186,N-0186,Necropsy,1-Jun-16,15-Jun-17,OLF Spencer- Whiting Field,Milton,Female,Y,0,0,0,0,350,19,331,47.4,12.6,78.3,258,Y,Y,Y,Y,Y,N,N,"0175-0186 bagged together, full breeding plummage on head and back, none on chest"
0187,N-0187,Necropsy,10-May-17,15-Jun-17,Eglin AFB,Valparaiso,Female,Y,0,0,0,0,295,22,273,46.5,11.6,68.3,243,Y,Y,Y,Y,Y,N,N,"light breeding plummage on head and chest, none on back"
0188,N-0188,Necropsy,13-Apr-17,15-Jun-17,Duval County- NAS Mayport,Jacksonville,Male,Y,0,0,0,0,360,12,348,47.2,13.3,78.8,258,Y,Y,Y,Y,Y,N,N,"full breeding plummage, lots of fat"
0189,N-0189,Necropsy,18-Apr-17,15-Jun-17,Duval County- NAS Mayport,Jacksonville,Male,Y,0,0,0,0,340,13,327,47.2,13.5,84.5,251,Y,Y,Y,Y,Y,N,N,full breeding plummage
0190,N-0190,Necropsy,10-Apr-17,15-Jun-17,N. Field- NAS Whiting Field,Milton,Female,Y,0,0,0,0,410,9,401,47.9,12.2,71.7,257,Y,Y,Y,Y,Y,N,N,"full breeding plummage, lots of fat surrounding stomach (front and back), forming yokes"
0191,N-0191,Necropsy,9-May-17,15-Jun-17,Spencer OLF,Milton,Male,Y,0,0,0,0,430,10,420,50.8,12.9,71.8,269,Y,Y,Y,Y,Y,N,N,"full breeding plummage, large testes"
0192,N-0192,Necropsy,11-May-17,15-Jun-17,Whiting Field,Milton,Female,Y,0,0,0,0,350,10,340,44.4,12.1,67,248,Y,Y,Y,Y,Y,N,N,"full breeding plummage, gavid"
0193,N-0193,Necropsy,8-May-17,15-Jun-17,OLF Spencer,Milton,Female,Y,0,0,0,0,395,18,377,49,13.1,71.4,251,Y,Y,Y,Y,Y,N,N,"full breeding plummage, gavid"
0194,N-0194,Necropsy,8-May-17,27-Jun-17,OLF Spencer,Milton,Female,Y,0,0,0,0,395,10,385,45.6,11.9,76.5,251,Y,Y,Y,Y,Y,N,N,"full breeding plummage, gavid"
0195,N-0195,Necropsy,15-Sep-16,27-Jun-17,N. Whiting Field,Milton,Female,Y,0,0,0,0,350,10,340,55.3,12.3,85,250,Y,Y,Y,Y,Y,N,N,"full breeding plummage but light on back and chest, lots of fat"
0196,N-0196,Necropsy,15-May-17,27-Jun-17,N. Whiting Field,Milton,Female,Y,0,0,0,0,,,392,49.6,11.5,75.4,267,Y,Y,Y,Y,Y,N,N,"full breeding plummage, gavid, lots of fat, huge spleen"
0197,N-0197,Necropsy,11-May-17,27-Jun-17,N. Whiting Field,Milton,Male,Y,0,0,0,0,340,10,330,52.9,14.1,87.4,258,Y,Y,Y,Y,Y,N,N,breeding plummage on head and light on back
0198,N-0198,Necropsy,15-Sep-16,27-Jun-17,N. Whiting Field,Milton,Male,Y,0,0,0,0,330,10,320,46.4,13.2,88.1,247,Y,Y,Y,Y,Y,N,N,"juvenile (small testes), very light breeding plummage on head, chest, back"
0199,N-0199,Necropsy,9-May-17,27-Jun-17,Spencer OLF,Milton,Male,Y,0,0,0,0,440,10,430,57.8,13.9,83.7,257,Y,Y,Y,Y,Y,N,N,"full breeding plummage, 2 flies collected"
0200,N-0200,Necropsy,15-May-17,27-Jun-17,N. Whiting Field,Milton,Male,Y,0,0,0,0,350,10,340,49.9,12.9,79.2,260,Y,Y,Y,Y,Y,N,N,"full breeding plummage, 13 flies collected"
0201,N-0201,Necropsy,20-Apr-17,27-Jun-17,Eglin AFB,Valparaiso,Female,Y,0,0,0,0,,,340,51.2,11.6,76.5,254,Y,Y,Y,Y,Y,N,N,"bagged with 0202, full breeding plummage"
0202,N-0202,Necropsy,20-Apr-17,27-Jun-17,Eglin AFB,Valparaiso,Male,Y,0,0,0,0,,,390,52.3,13.8,85.7,266,Y,Y,Y,Y,Y,N,N,"bagged with 0201,  full breeding plummage"
0203,N-0203,Necropsy,10-May-17,27-Jun-17,Spencer OLF,Milton,Female,Y,0,0,0,0,330,11,319,55.5,11.4,84,245,Y,Y,Y,Y,Y,N,N,"gavid, full breeding plummage, small stomach"
0204,N-0204,Necropsy,26-Apr-17,27-Jun-17,Duval County- NAS Mayport,Jacksonville,Female,Y,0,0,0,0,,,,,,,,Y,Y,Y,Y,Y,N,N,
0205,N-0205,Necropsy,5-Apr-17,27-Jun-17,North Field NASWF ,Milton,Male,Y,0,0,0,0,,,,,,,,Y,Y,Y,Y,Y,N,N,
0206,N-0206,Necropsy,4-Apr-17,27-Jun-17,Eglin AFB- Approach of 12,Valparaiso,Female,Y,0,0,0,0,,,,,,,,Y,Y,Y,Y,Y,N,N,
0207,N-0207,Necropsy,11-May-17,27-Jun-17,Eglin AFB,Valparaiso,Male,Y,0,0,0,0,,,,,,,,Y,Y,Y,Y,Y,N,N,
0208,N-0208,Necropsy,11-May-17,27-Jun-17,Spencer OLF,Milton,Male,Y,0,0,0,0,,,,,,,,Y,Y,Y,Y,Y,N,N,
0209,N-0209,Necropsy,11-May-17,27-Jun-17,Spencer OLF,Milton,Male,Y,0,0,0,0,,,,,,,,Y,Y,Y,Y,Y,N,N,
0210,N-0210,Necropsy,26-Apr-17,27-Jun-17,Eglin AFB,Valparaiso,Male,Y,0,0,0,0,,,,,,,,Y,Y,Y,Y,Y,N,N,
0211,N-0211,Necropsy,26-Apr-17,27-Jun-17,Eglin AFB,Valparaiso,Male,Y,0,0,0,0,,,,,,,,Y,Y,Y,Y,Y,N,N,
0212,N-0212,Necropsy,26-Apr-17,27-Jun-17,Eglin AFB,Valparaiso,Female,Y,0,0,0,0,,,,,,,,Y,Y,Y,Y,Y,N,N,
0213,N-0213,Necropsy,8-May-17,27-Jun-17,"St. Louis, Missouri",St. Louis,Female,Y,0,0,0,0,,,,,,,,Y,Y,Y,Y,Y,N,N,
0214,N-0214,Necropsy,6-Jul-16,7-Jul-17,"Santa Rosa, FL",Santa Rosa,,Y,0,0,0,0,,,,,,,,,,,,,,,
0215,N-0215,Necropsy,6-Jul-16,7-Jul-17,"Santa Rosa, FL",Santa Rosa,,Y,0,0,0,0,,,,,,,,,,,,,,,
0216,N-0216,Necropsy,6-Jul-16,7-Jul-17,"Santa Rosa, FL",Santa Rosa,,Y,0,0,0,0,,,,,,,,,,,,,,,
0217,N-0217,Necropsy,6-Jul-16,7-Jul-17,"Santa Rosa, FL",Santa Rosa,,Y,0,0,0,0,,,,,,,,,,,,,,,
0218,N-0218,Necropsy,6-Jul-16,7-Jul-17,"Santa Rosa, FL",Santa Rosa,,Y,0,0,0,0,,,,,,,,,,,,,,,
0219,N-0219,Necropsy,6-Jul-16,7-Jul-17,"Santa Rosa, FL",Santa Rosa,,Y,0,0,0,0,,,,,,,,,,,,,,,
0220,N-0220,Necropsy,6-Jul-16,7-Jul-17,"Santa Rosa, FL",Santa Rosa,,Y,0,0,0,0,,,,,,,,,,,,,,,
0221,N-0221,Necropsy,6-Jul-16,7-Jul-17,"Santa Rosa, FL",Santa Rosa,,Y,0,0,0,0,,,,,,,,,,,,,,,
0222,N-0222,Necropsy,6-Jul-16,7-Jul-17,"Santa Rosa, FL",Santa Rosa,,Y,0,0,0,0,,,,,,,,,,,,,,,
0223,N-0223,Necropsy,6-Jul-16,7-Jul-17,"Santa Rosa, FL",Santa Rosa,,Y,0,0,0,0,,,,,,,,,,,,,,,
0224,N-0224,Necropsy,11-May-17,7-Jul-17,OLF Spencer,Milton,,Y,0,0,0,0,,,,,,,,,,,,,,,
0225,N-0225,Necropsy,10-Feb-17,7-Jul-17,"Lake County Parks and Trails ""The Pasture"" Property",South Lake,,Y,0,0,0,0,,,,,,,,,,,,,,,
0226,N-0226,Necropsy,21-Apr-17,7-Jul-17,Eglin AFB,Valparaiso,,Y,0,0,0,0,,,,,,,,,,,,,,,
0227,N-0227,Necropsy,21-Apr-17,7-Jul-17,Eglin AFB,Valparaiso,,Y,0,0,0,0,,,,,,,,,,,,,,,
0228,N-0228,Necropsy,17-Apr-17,7-Jul-17,Duke Field-Eglin AFB,Valparaiso,,Y,0,0,0,0,,,,,,,,,,,,,,,
0229,N-0229,Necropsy,17-Apr-17,7-Jul-17,Duke Field-Eglin AFB,Valparaiso,,Y,0,0,0,0,,,,,,,,,,,,,,,
0230,N-0230,Necropsy,17-Apr-17,7-Jul-17,Duke Field-Eglin AFB,Valparaiso,,Y,0,0,0,0,,,,,,,,,,,,,,,
0231,N-0231,Necropsy,6-Apr-17,7-Jul-17,Fire Training Area- Eglin AFB,Valparaiso,,Y,0,0,0,0,,,,,,,,,,,,,,,
0232,N-0232,Necropsy,25-Apr-17,7-Jul-17,Eglin AFB,Valparaiso,,Y,0,0,0,0,,,,,,,,,,,,,,,
0233,N-0233,Necropsy,25-Apr-17,7-Jul-17,Eglin AFB,Valparaiso,,Y,0,0,0,0,,,,,,,,,,,,,,,
0234,N-0234,Necropsy,21-Jun-17,4-Aug-17,Duval,Jacksonville,,,,,,,,,,,,,,,,,,,,,
0235,N-0235,Necropsy,21-Jun-17,4-Aug-17,Duval,Jacksonville,,,,,,,,,,,,,,,,,,,,,
0236,N-0236,Necropsy,21-Jun-17,4-Aug-17,Duval,Jacksonville,,,,,,,,,,,,,,,,,,,,,
0237,N-0237,Necropsy,25-Jun-17,4-Aug-17,Duval,Jacksonville,,,,,,,,,,,,,,,,,,,,,
0238,N-0238,Necropsy,25-Jun-17,4-Aug-17,Duval,Jacksonville,,,,,,,,,,,,,,,,,,,,,
0239,N-0239,Necropsy,29-Jun-17,4-Aug-17,Duval,Jacksonville,,,,,,,,,,,,,,,,,,,,,
0240,N-0240,Necropsy,21-Jun-17,4-Aug-17,Duval,Jacksonville,,,,,,,,,,,,,,,,,,,,,
0241,N-0241,Necropsy,21-Jun-17,4-Aug-17,Duval,Jacksonville,,,,,,,,,,,,,,,,,,,,,
0242,N-0242,Necropsy,21-Jun-17,4-Aug-17,Duval,Jacksonville,,,,,,,,,,,,,,,,,,,,,
0243,N-0243,Necropsy,21-Jun-17,4-Aug-17,Duval,Jacksonville,,,,,,,,,,,,,,,,,,,,,
0244,N-0244,Necropsy,21-Jun-17,4-Aug-17,Duval,Jacksonville,,,,,,,,,,,,,,,,,,,,,
0245,N-0245,Necropsy,29-Jun-17,4-Aug-17,Duval,Jacksonville,,,,,,,,,,,,,,,,,,,,,
0246,N-0246,Necropsy,21-Jun-17,4-Aug-17,Duval,Jacksonville,,,,,,,,,,,,,,,,,,,,,
0247,N-0247,Necropsy,9-May-17,4-Aug-17,"NASJRB NOLA- Belle Chasse, LA",Belle Chasse,,,,,,,,,,,,,,,,,,,,,
0248,N-0248,Necropsy,9-May-17,4-Aug-17,"NASJRB NOLA- Belle Chasse, LA",Belle Chasse,,,,,,,,,,,,,,,,,,,,,
0249,N-0249,Necropsy,9-May-17,4-Aug-17,"NASJRB NOLA- Belle Chasse, LA",Belle Chasse,,,,,,,,,,,,,,,,,,,,,
0250,856-48333,Live,9-Aug-17,9-Aug-17,NASA- Launch Pad B,Merritt Island,,,,,,,,,,,,,,,,,,,,,
0251,856-48336,Live,9-Aug-17,9-Aug-17,NASA- Launch Pad B,Merritt Island,,,,,,,,,,,,,,,,,,,,,
0252,N-0252,Necropsy,15-May-17,10-Aug-17,Duval County,Jacksonville,,,,,,,,,,,,,,,,,,,,,
0253,N-0253,Necropsy,15-May-17,10-Aug-17,Duval County,Jacksonville,,,,,,,,,,,,,,,,,,,,,
0254,N-0254,Necropsy,5-Jul-17,10-Aug-17,SRQ Airport,Sarasota,,,,,,,,,,,,,,,,,,,,,
0255,N-0255,Necropsy,16-May-17,10-Aug-17,"NASJRB NOLA- Belle Chasse, LA",Belle Chasse,,,,,,,,,,,,,,,,,,,,,
0256,N-0256,Necropsy,10-May-17,10-Aug-17,"NASJRB NOLA- Belle Chasse, LA",Belle Chasse,,,,,,,,,,,,,,,,,,,,,
0257,N-0257,Necropsy,10-May-17,10-Aug-17,"NASJRB NOLA- Belle Chasse, LA",Belle Chasse,,,,,,,,,,,,,,,,,,,,,
0258,N-0258,Necropsy,31-May-17,10-Aug-17,"NASJRB NOLA- Belle Chasse, LA",Belle Chasse,,,,,,,,,,,,,,,,,,,,,
0259,N-0259,Necropsy,4-May-17,10-Aug-17,"NASJRB NOLA- Belle Chasse, LA",Belle Chasse,,,,,,,,,,,,,,,,,,,,,
0260,N-0260,Necropsy,31-May-17,10-Aug-17,"NASJRB NOLA- Belle Chasse, LA",Belle Chasse,,,,,,,,,,,,,,,,,,,,,
0261,N-0261,Necropsy,31-May-17,10-Aug-17,"NASJRB NOLA- Belle Chasse, LA",Belle Chasse,,,,,,,,,,,,,,,,,,,,,
0262,N-0262,Necropsy,31-May-17,10-Aug-17,"NASJRB NOLA- Belle Chasse, LA",Belle Chasse,,,,,,,,,,,,,,,,,,,,,
0263,N-0263,Necropsy,31-May-17,10-Aug-17,"NASJRB NOLA- Belle Chasse, LA",Belle Chasse,,,,,,,,,,,,,,,,,,,,,
0264,N-0264,Necropsy,4-May-17,10-Aug-17,"NASJRB NOLA- Belle Chasse, LA",Belle Chasse,,,,,,,,,,,,,,,,,,,,,
0265,N-0265,Necropsy,31-May-17,10-Aug-17,"NASJRB NOLA- Belle Chasse, LA",Belle Chasse,,,,,,,,,,,,,,,,,,,,,
0266,N-0266,Necropsy,4-May-17,10-Aug-17,"NASJRB NOLA- Belle Chasse, LA",Belle Chasse,,,,,,,,,,,,,,,,,,,,,
0267,N-0267,Necropsy,4-May-17,10-Aug-17,"NASJRB NOLA- Belle Chasse, LA",Belle Chasse,,,,,,,,,,,,,,,,,,,,,
0268,N-0268,Necropsy,23-May-17,10-Aug-17,"NASJRB NOLA- Belle Chasse, LA",Belle Chasse,,,,,,,,,,,,,,,,,,,,,
0269,N-0269,Necropsy,23-May-17,10-Aug-17,"NASJRB NOLA- Belle Chasse, LA",Belle Chasse,,,,,,,,,,,,,,,,,,,,,
0270,N-0270,Necropsy,23-May-17,10-Aug-17,"NASJRB NOLA- Belle Chasse, LA",Belle Chasse,,,,,,,,,,,,,,,,,,,,,
0271,N-0271,Necropsy,23-May-17,10-Aug-17,"NASJRB NOLA- Belle Chasse, LA",Belle Chasse,,,,,,,,,,,,,,,,,,,,,
0272,856-48337,Live,16-Aug-17,16-Aug-17,NASA- Launch Pad B,Merritt Island,,,,,,,,,,,,,,,,,,,,,
0251-recap,856-48336,Live,16-Aug-17,17-Aug-17,NASA- Launch Pad B,Merritt Island,,,,,,,,,,,,,,,,,,,,,
0273,N-0273,Necropsy,9-Aug-17,18-Aug-17,Kennedy Space Center,Merritt Island,,,,,,,,,,,,,,,,,,,,,
0274,N-0274,Necropsy,9-Aug-17,18-Aug-17,Kennedy Space Center,Merritt Island,,,,,,,,,,,,,,,,,,,,,
0275,N-0275,Necropsy,16-Aug-17,18-Aug-17,Moore Creek- Kennedy Space Center,Merritt Island,,,,,,,,,,,,,,,,,,,,,
0276,N-0276,Necropsy,16-Aug-17,18-Aug-17,SLF- Kennedy Space Center,Merritt Island,,,,,,,,,,,,,,,,,,,,,
0277,N-0277,Necropsy,28-Jun-17,18-Aug-17,SRQ Airport,Sarasota,,,,,,,,,,,,,,,,,,,,,
0278,N-0278,Necropsy,28-Jun-17,18-Aug-17,SRQ Airport,Sarasota,,,,,,,,,,,,,,,,,,,,,
0279,N-0279,Necropsy,28-Jun-17,18-Aug-17,SRQ Airport,Sarasota,,,,,,,,,,,,,,,,,,,,,
0280,N-0280,Necropsy,7-Jun-17,18-Aug-17,"NASJRB NOLA- Belle Chasse, LA",Belle Chasse,,,,,,,,,,,,,,,,,,,,,
0281,N-0281,Necropsy,7-Jun-17,18-Aug-17,"NASJRB NOLA- Belle Chasse, LA",Belle Chasse,,,,,,,,,,,,,,,,,,,,,
0282,N-0282,Necropsy,7-Jun-17,18-Aug-17,"NASJRB NOLA- Belle Chasse, LA",Belle Chasse,,,,,,,,,,,,,,,,,,,,,
0283,N-0283,Necropsy,25-May-17,21-Aug-17,Duval County,Jacksonville,,,,,,,,,,,,,,,,,,,,,
0284,N-0284,Necropsy,5-Jul-17,21-Aug-17,SRQ Airport,Sarasota,,,,,,,,,,,,,,,,,,,,,
0285,N-0285,Necropsy,15-May-17,21-Aug-17,Duval County,Jacksonville,,,,,,,,,,,,,,,,,,,,,
0286,N-0286,Necropsy,5-Jul-17,21-Aug-17,SRQ Airport,Sarasota,,,,,,,,,,,,,,,,,,,,,
0287,N-0287,Necropsy,21-Jun-17,21-Aug-17,Duval County,Jacksonville,,,,,,,,,,,,,,,,,,,,,
0288,N-0288,Necropsy,5-Apr-17,21-Aug-17,"NAS Meridian Joe Williams Field, Preston, MS",Preston,,,,,,,,,,,,,,,,,,,,,
0289,N-0289,Necropsy,1-Jun-17,21-Aug-17,"NASJRB NOLA- Belle Chasse, LA",Belle Chasse,,,,,,,,,,,,,,,,,,,,,
0290,N-0290,Necropsy,1-Jun-17,21-Aug-17,"NASJRB NOLA- Belle Chasse, LA",Belle Chasse,,,,,,,,,,,,,,,,,,,,,
0291,N-0291,Necropsy,1-Jun-17,21-Aug-17,"NASJRB NOLA- Belle Chasse, LA",Belle Chasse,,,,,,,,,,,,,,,,,,,,,
0292,N-0292,Necropsy,8-Jun-17,25-Aug-17,"NASJRB NOLA- Belle Chasse, LA",Belle Chasse,,,,,,,,,,,,,,,,,,,,,
0293,N-0293,Necropsy,8-Jun-17,25-Aug-17,"NASJRB NOLA- Belle Chasse, LA",Belle Chasse,,,,,,,,,,,,,,,,,,,,,
0294,N-0294,Necropsy,8-Jun-17,25-Aug-17,"NASJRB NOLA- Belle Chasse, LA",Belle Chasse,,,,,,,,,,,,,,,,,,,,,
0295,N-0295,Necropsy,8-Jun-17,25-Aug-17,"NASJRB NOLA- Belle Chasse, LA",Belle Chasse,,,,,,,,,,,,,,,,,,,,,
0296,N-0296,Necropsy,8-Jun-17,25-Aug-17,"NASJRB NOLA- Belle Chasse, LA",Belle Chasse,,,,,,,,,,,,,,,,,,,,,
0297,N-0297,Necropsy,8-Jun-17,25-Aug-17,"NASJRB NOLA- Belle Chasse, LA",Belle Chasse,Male,Y,0,0,0,0,,,420,46.6,12.5,81.2,269,Y,Y,Y,Y,Y,N,N,"Full breeding plummage, small amount of fast on chest and stomach "
0298,N-0298,Necropsy,8-Jun-17,25-Aug-17,"NASJRB NOLA- Belle Chasse, LA",Belle Chasse,Female,Y,0,0,0,0,,,360,47,12.7,76.7,243,Y,Y,Y,Y,Y,N,N,"Light breeding plummage on head, none elsewhere; possible juvenile but ovaries look full grown"
0299,N-0299,Necropsy,8-Jun-17,25-Aug-17,"NASJRB NOLA- Belle Chasse, LA",Belle Chasse,Female,Y,0,0,0,0,,,355,51.1,10.3,72.3,264,Y,Y,Y,Y,Y,N,N,Full breeding plummage 
0300,N-0300,Necropsy,8-Jun-17,25-Aug-17,"NASJRB NOLA- Belle Chasse, LA",Belle Chasse,Male,Y,0,0,0,0,,,410,49.9,11.4,76.8,266,Y,Y,Y,Y,Y,N,N,"Full breeding plummage, excess fat on stomach "
0301,N-0301,Necropsy,8-Jun-17,25-Aug-17,"NASJRB NOLA- Belle Chasse, LA",Belle Chasse,Male,Y,0,0,0,0,,,390,50.4,12.1,84,254,Y,Y,Y,Y,Y,N,N,"Full breeding plummage, excess fat on stomach and chest"
0302,N-0302,Necropsy,8-Jun-17,25-Aug-17,"NASJRB NOLA- Belle Chasse, LA",Belle Chasse,Male,Y,0,0,0,0,,,370,49.9,10.3,76.7,254,Y,Y,Y,Y,Y,N,N,Full breeding plummage
0303,N-0303,Necropsy,8-Jun-17,25-Aug-17,"NASJRB NOLA- Belle Chasse, LA",Belle Chasse,Female,Y,0,0,0,0,,,370,46.9,11.1,80.5,258,Y,Y,Y,Y,Y,N,N,"Full breeding plummage, internal discoloration from possible burst intestine, liver shot but no sign of ruptured intestines "
0304,N-0304,Necropsy,29-Jun-17,25-Aug-17,Duval County,Jacksonville,Female,Y,0,0,0,0,,,390,42.6,10.3,72.3,252,Y,Y,Y,Y,Y,N,N,"Full breeding plummage, liver shot "
0305,N-0305,Necropsy,29-Jun-17,25-Aug-17,Duval County,Jacksonville,Female,Y,0,0,0,0,,,395,49.1,12.4,84.1,261,Y,Y,Y,Y,Y,N,N,"Full breeding plummage, gavid, 2 flies found outside of feathers "
0306,N-0306,Necropsy,29-Jun-17,25-Aug-17,Duval County,Jacksonville,Male,Y,0,0,0,0,,,300,49.9,10.3,76.7,254,Y,Y,Y,Y,Y,N,N,"Full breeding plummage, excess fat on stomach "
0307,N-0307,Necropsy,15-May-17,25-Aug-17,Duval County,Jacksonville,Female,Y,0,0,0,0,,,285,46.7,12.5,77.1,242,Y,Y,Y,Y,Y,N,N,"Light breeding plummage on head, likely juvenile, excess fat and stomach and chest but intestines extremely small, 1 fly under feathers "
0308,N-0308,Necropsy,6-Jun-17,28-Aug-17,"NASJRB NOLA- Belle Chasse, LA",Belle Chasse,Male,Y,0,0,0,0,440,14,426,46.6,10.3,79.1,253,Y,Y,Y,Y,Y,N,N,"Full breeding plummage, preening floofs pure white rather than yellowish, fat on stomach and chest, very small spleen"
0309,N-0309,Necropsy,6-Jun-17,28-Aug-17,"NASJRB NOLA- Belle Chasse, LA",Belle Chasse,Male,Y,0,0,0,0,,,410,46.7,13.5,76,258,Y,Y,Y,Y,Y,N,N,"Full breeding plummage, very large spleen "
0310,N-0310,Necropsy,6-Jun-17,28-Aug-17,"NASJRB NOLA- Belle Chasse, LA",Belle Chasse,Male,Y,0,0,0,0,,,405,47.1,12.9,85.7,255,Y,Y,Y,Y,Y,N,N,"Full breeding plummage, oddly colored testes (gray)"
0311,N-0311,Necropsy,6-Jun-17,28-Aug-17,"NASJRB NOLA- Belle Chasse, LA",Belle Chasse,Female,Y,0,0,0,0,350,13,337,47.8,10.3,72.4,251,Y,Y,Y,Y,Y,N,N,Full breeding plummage 
0312,N-0312,Necropsy,6-Jun-17,28-Aug-17,"NASJRB NOLA- Belle Chasse, LA",Belle Chasse,Male,Y,0,0,0,0,480,14,466,51.2,11.3,82.5,257,Y,Y,Y,Y,Y,N,N,Full breeding plummage 
0313,N-0313,Necropsy,6-Jun-17,28-Aug-17,"NASJRB NOLA- Belle Chasse, LA",Belle Chasse,Male,Y,0,0,0,0,,,400,50.5,13.5,83.2,267,Y,Y,Y,Y,Y,N,N,"Full breeding plummage, excess fat on stomach "
0314,N-0314,Necropsy,30-May-17,28-Aug-17,"NASJRB NOLA- Belle Chasse, LA",Belle Chasse,Male,Y,0,0,0,0,,,400,49.9,11.5,72.3,259,Y,Y,Y,Y,Y,N,N,Full breeding plummage 
0315,N-0315,Necropsy,30-May-17,28-Aug-17,"NASJRB NOLA- Belle Chasse, LA",Belle Chasse,Male,Y,0,0,0,0,,,370,47.1,12.4,73.1,,Y,Y,Y,Y,Y,N,N,"Full breeding plummage, excess fat on stomach and chest, large testes"
0316,N-0316,Necropsy,30-May-17,28-Aug-17,"NASJRB NOLA- Belle Chasse, LA",Belle Chasse,Female,Y,0,0,0,0,,,370,48.8,9.1,78.9,253,Y,Y,Y,Y,Y,N,N,"Full breeding plummage, excess fat on stomach "
0317,N-0317,Necropsy,30-May-17,28-Aug-17,"NASJRB NOLA- Belle Chasse, LA",Belle Chasse,Male,Y,0,0,0,0,,,355,45.9,13,76.4,267,Y,Y,Y,Y,Y,N,N,"Full breeding plummage, small stomach "
0318,N-0318,Necropsy,30-May-17,28-Aug-17,"NASJRB NOLA- Belle Chasse, LA",Belle Chasse,Female,Y,0,0,0,0,,,320,51.2,10.3,75.6,238,Y,Y,Y,Y,Y,N,N,"Full breeding plummage, ate a rodent "
0319,N-0319,Necropsy,30-May-17,28-Aug-17,"NASJRB NOLA- Belle Chasse, LA",Belle Chasse,Female,Y,0,0,0,0,,,355,48.6,12.2,76.1,254,Y,Y,Y,Y,Y,N,N,Full breeding plummage 
0320,N-0320,Necropsy,27-Jun-17,28-Aug-17,Duval County ,Jacksonville,Male,Y,0,0,0,0,,,350,47.8,10.3,61.5,256,Y,Y,Y,Y,Y,N,N,Full breeding plummage 
0321,N-0321,Necropsy,24-Jun-17,28-Aug-17,Duval County ,Jacksonville,Male,Y,0,0,0,0,,,410,46.6,11.4,79.1,262,Y,Y,Y,Y,Y,N,N,"Full breeding plummage, 2 flies found and collected: 1 on left wing, 1 on table"
0322,N-0322,Necropsy,5-Jul-17,28-Aug-17,SRQ Airport,Sarasota,Male,Y,0,0,0,0,,,355,46.2,13.3,73,262,Y,Y,Y,Y,Y,N,N,"Full breeding plummage, very small spleen "
0323,N-0323,Necropsy,5-Jul-17,28-Aug-17,SRQ Airport,Sarasota,Female,Y,0,0,0,0,,,315,46.5,10.2,73.5,240,Y,Y,Y,Y,Y,N,N,"Full breeding plummage, excess fat on stomach and chest, gravid"
0324,N-0324,Necropsy,23-Jun-17,28-Aug-17,SRQ Airport,Sarasota,Female,Y,0,0,0,0,320,15,305,,,68.7,230,Y,Y,Y,Y,Y,N,N,"Light breeding plummage on head and chest, more on back"
0325,N-0325,Necropsy,23-Jun-17,28-Aug-17,SRQ Airport,Sarasota,Male,Y,0,0,0,0,,,,50.4,13.9,84.6,261,Y,Y,Y,Y,Y,N,N,"Full breeding plummage, 3 flies collected from the chest and stomach under feathers "
0326,N-0326,Necropsy,23-Jun-17,28-Aug-17,SRQ Airport,Sarasota,Female,Y,0,0,0,0,370,10,360,50.1,10.3,60.5,250,Y,Y,Y,Y,Y,N,N,"Full breeding plummage, flies collected: 1 neck, 9 table, 2 back "
0327,N-0327,Necropsy,6-Jul-16,1-Sep-17,"Santa Rosa, FL",Santa Rosa,Female,Y,0,0,0,0,,,340,47.8,9.1,71.2,246,Y,Y,Y,Y,Y,N,N,"Full breeding plummage, spleen large, bird very thin "
0328,N-0328,Necropsy,6-Jul-16,1-Sep-17,"Santa Rosa, FL",Santa Rosa,Female,Y,0,0,0,0,,,310,47.6,12.1,75.8,235,Y,Y,Y,Y,Y,N,N,"very little breeding plummage, juvenile, gravid female "
0329,N-0329,Necropsy,6-Jul-16,1-Sep-17,"Santa Rosa, FL",Santa Rosa,Female,Y,0,0,0,0,,,350,48.8,10.3,75.6,260,Y,Y,Y,Y,Y,N,N,"Full breeding plummage, chest muscle and stomach shot "
0330,N-0330,Necropsy,1-May-17,1-Sep-17,"Valdosta, GA",Valdosta,Male,Y,0,0,0,0,,,310,48.8,10.3,71.2,250,Y,Y,Y,Y,Y,N,N,"Full breeding plummage on head, chest, and back. Mottled breeding plummage on stomach, could indicate a subspecies"
0331,N-0331,Necropsy,15-Jun-17,1-Sep-17,"Valdosta, GA",Valdosta,Female,Y,0,0,0,0,,,375,49.1,12.2,78.3,249,Y,Y,Y,Y,Y,N,N,Full breeding plummage 
0332,N-0332,Necropsy,17-May-17,1-Sep-17,"Valdosta, GA",Valdosta,Female,Y,0,0,0,0,,,300,41.6,10.3,75.6,245,Y,Y,Y,Y,Y,N,N,Light breeding plummage on back and head
0333,N-0333,Necropsy,17-May-17,1-Sep-17,"Valdosta, GA",Valdosta,Female,Y,0,0,0,0,,,350,45.3,11.7,75.8,240,Y,Y,Y,Y,Y,N,N,"Full breeding plummage, faint mottling on stomach"
0334,N-0334,Necropsy,17-May-17,1-Sep-17,"Valdosta, GA",Valdosta,Female,Y,0,0,0,0,,,310,47.7,9.2,75.6,235,Y,Y,Y,Y,Y,N,N,"Full breeding plummage on head, chest, and back. Mottled breeding plummage on stomach, could indicate a subspecies. Large spleen"
0335,N-0335,Necropsy,10-Aug-17,1-Sep-17,"Valdosta, GA",Valdosta,Female,Y,0,0,0,0,,,330,47.8,10.2,75.6,251,Y,Y,Y,Y,Y,N,N,Faint breeding plummage on head. Stomach entirely covered with fat
0336,N-0336,Necropsy,10-Aug-17,1-Sep-17,"Valdosta, GA",Valdosta,Female,Y,0,0,0,0,,,395,50.1,12.7,76.2,262,Y,Y,Y,Y,Y,N,N,"Full breeding plummage, large liver "
0337,N-0337,Necropsy,10-Aug-17,1-Sep-17,"Valdosta, GA",Valdosta,Female,Y,0,0,0,0,330,11,319,50.1,10.2,76.7,256,Y,Y,Y,Y,Y,N,N,"Full breeding plummage on head, chest, back. Small spleen"
0338,N-0338,Necropsy,10-Aug-17,1-Sep-17,"Valdosta, GA",Valdosta,Female,Y,0,0,0,0,,,380,58.6,13.6,79.8,260,Y,Y,Y,Y,Y,N,N,"Full breeding plummage, fat on chest and stomach, gravid female- large yolk no shell, discoloration of spleen"
0339,N-0339,Necropsy,25-Jun-17,1-Sep-17,SRQ Airport,Sarasota,Female,Y,0,0,0,0,,,450,50.1,10.3,74.6,265,Y,Y,Y,Y,Y,N,N,"Full breeding plummage, gravid with fully formed egg, 4 flies foundL 1 back, 3 in bag"
0340,N-0340,Necropsy,25-Jun-17,1-Sep-17,SRQ Airport,Sarasota,Male,Y,0,0,0,0,,,300,50.6,11.8,72.5,248,Y,Y,Y,Y,Y,N,N,Full breeding plummage 
0341,N-0341,Necropsy,3-May-17,22-Sep-17,"BAFB, LA",Barksdale,Female,Y,0,0,0,0,,,345,49.9,10.2,77.9,250,N,Y,Y,N,Y,N,N,"FBP, excess fat on stomach, gavid"
0342,N-0342,Necropsy,3-May-17,22-Sep-17,"BAFB, LA",Barksdale,Female,Y,0,0,0,0,,,360,46.5,11.9,83.1,257,N,Y,Y,N,Y,N,N,"fly found on neck, FBP, gavid"
0343,N-0343,Necropsy,3-May-17,22-Sep-17,"BAFB, LA",Barksdale,Male,Y,0,0,0,0,,,400,48.8,13,77.9,260,N,Y,Y,N,Y,N,N,"FBP, excess fat on stomach, large testes"
0344,N-0344,Necropsy,3-May-17,22-Sep-17,"BAFB, LA",Barksdale,Female,Y,0,0,0,0,,,390,47.7,10.2,76.3,255,N,Y,Y,N,Y,N,N,"FBP, excess fat on stomach, gavid-egg fully formed"
0345,N-0345,Necropsy,3-May-17,22-Sep-17,"BAFB, LA",Barksdale,Female,Y,0,0,0,0,350,10,340,,,82.5,253,N,Y,Y,N,Y,N,N,"no head, FBP, gavid, extremely large spleen"
0346,N-0346,Necropsy,3-May-17,22-Sep-17,"BAFB, LA",Barksdale,Female,Y,0,0,0,0,,,290,,,,,N,Y,Y,N,Y,N,N,"no head, FBP, gavid"
0347,N-0347,Necropsy,3-May-17,22-Sep-17,"BAFB, LA",Barksdale,Female,Y,0,0,0,0,330,10,320,42.7,,69.9,247,N,Y,Y,N,Y,N,N,"1 fly found in bag, 1 fly found in down feathers, gavid"
0348,N-0348,Necropsy,6-Jun-17,22-Sep-17,"BAFB, LA",Barksdale,Male,Y,0,0,0,0,,,355,46.5,11.9,78.6,260,N,Y,Y,N,Y,N,N,FBP
0349,N-0349,Necropsy,6-Jun-17,22-Sep-17,"BAFB, LA",Barksdale,Female,Y,0,0,0,0,,,350,46.7,9.2,79.1,252,N,Y,Y,N,Y,N,N,"FBP, gavid"
0350,N-0350,Necropsy,6-Jun-17,22-Sep-17,"BAFB, LA",Barksdale,Male,Y,0,0,0,0,,,430,48.2,13.7,77.4,261,N,Y,Y,N,Y,N,N,"1 fly found, small spleen"
0351,N-0351,Necropsy,6-Jun-17,22-Sep-17,"BAFB, LA",Barksdale,Male,Y,0,0,0,0,,,365,53.6,11.5,72.3,258,N,Y,Y,N,Y,N,N,
0352,N-0352,Necropsy,6-Jun-17,22-Sep-17,"BAFB, LA",Barksdale,Male,Y,0,0,0,0,,,350,39.1,11.4,80.3,250,N,Y,Y,N,Y,N,N,"Full breeding plummage, 1 fly on head"
0353,N-0353,Necropsy,6-Jun-17,22-Sep-17,"BAFB, LA",Barksdale,Male,Y,0,0,0,0,,,415,47.5,12.5,76.2,253,N,Y,Y,N,Y,N,N,Full breeding plummage
0354,N-0354,Necropsy,6-Jun-17,22-Sep-17,"BAFB, LA",Barksdale,Male,Y,0,0,0,0,,,350,59.5,13.2,85.9,255,N,Y,Y,N,Y,N,N,"Full breeding plummage, Fly on wing and tail, large spleen"
0355,N-0355,Necropsy,6-Jun-17,22-Sep-17,"BAFB, LA",Barksdale,Female,Y,0,0,0,0,,,340,48.9,12,77.5,251,N,Y,Y,N,Y,N,N,"Fly on table, gravid"
0356,N-0356,Necropsy,6-Jun-17,22-Sep-17,"BAFB, LA",Barksdale,Male,Y,0,0,0,0,,,325,49.6,12.9,83.3,256,N,Y,Y,N,Y,N,N,"Full breeding plummage, large spleen"
0357,N-0357,Necropsy,6-Jun-17,22-Sep-17,"BAFB, LA",Barksdale,Female,Y,0,0,0,0,,,355,46,13.5,74.5,247,N,Y,Y,N,Y,N,N,Full breeding plummage
0358,N-0358,Necropsy,6-Jun-17,22-Sep-17,"BAFB, LA",Barksdale,Female,Y,0,0,0,0,,,340,45.7,12,77.3,242,N,Y,Y,N,Y,N,N,"Full breeding plummage, gravid"
0359,N-0359,Necropsy,6-Jun-17,22-Sep-17,"BAFB, LA",Barksdale,Male,Y,0,0,0,0,,,345,45.1,12.7,74.3,254,N,Y,Y,N,Y,N,N,"Full breeding plummage,gravid"
0360,N-0360,Necropsy,6-Jun-17,22-Sep-17,"BAFB, LA",Barksdale,Male,Y,0,0,0,0,,,330,48.4,14.5,84.7,255,N,Y,Y,N,Y,N,N,Full breeding plummage
0361,N-0361,Necropsy,21-Jun-17,29-Sep-17,"BAFB, LA",Barksdale,Female,Y,0,0,0,0,,,300,,,75.5,245,N,Y,Y,N,Y,N,N,"no head, full breeding plummage "
0362,N-0362,Necropsy,21-Jun-17,29-Sep-17,"BAFB, LA",Barksdale,Male,Y,0,0,0,0,,,395,58,14.1,77.1,255,N,Y,Y,N,Y,N,N,full breeding plummage 
0363,N-0363,Necropsy,21-Jun-17,29-Sep-17,"BAFB, LA",Barksdale,Male,Y,0,0,0,0,,,370,47.4,13.1,74.2,255,N,Y,Y,N,Y,N,N,full breeding plummage 
0364,N-0364,Necropsy,21-Jun-17,29-Sep-17,"BAFB, LA",Barksdale,Female,Y,0,0,0,0,,,340,57.8,13.5,77.8,250,N,Y,Y,N,Y,N,N,full breeding plummage 
0365,N-0365,Necropsy,21-Jun-17,29-Sep-17,"BAFB, LA",Barksdale,Male,Y,0,0,0,0,,,325,56.6,11.6,78,244,N,Y,Y,N,Y,N,N,full breeding plummage 
0366,N-0366,Necropsy,21-Jun-17,29-Sep-17,"BAFB, LA",Barksdale,Male,Y,0,0,0,0,,,340,49.1,12.7,98.7,265,N,Y,Y,N,Y,N,N,full breeding plummage 
0367,N-0367,Necropsy,6-Jun-17,29-Sep-17,"BAFB, LA",Barksdale,Male,Y,0,0,0,0,,,340,53.6,12.9,74.5,255,N,Y,Y,N,Y,N,N,full breeding plummage 
0368,N-0368,Necropsy,6-Jun-17,29-Sep-17,"BAFB, LA",Barksdale,Male,Y,0,0,0,0,,,335,49.9,11.3,58.1,255,N,Y,Y,N,Y,N,N,full breeding plummage 
0369,N-0369,Necropsy,21-Jun-17,29-Sep-17,"BAFB, LA",Barksdale,Male,Y,0,0,0,0,,,390,47.7,10.2,75.7,257,N,Y,Y,N,Y,N,N,"Faint breeding plummage on head, juvenile, fat on chest and stomach "
0370,N-0370,Necropsy,21-Jun-17,29-Sep-17,"BAFB, LA",Barksdale,Female,Y,0,0,0,0,,,350,57.2,11.2,75.7,241,N,Y,Y,N,Y,N,N,full breeding plummage 
0371,N-0371,Necropsy,21-Jun-17,29-Sep-17,"BAFB, LA",Barksdale,Male,Y,0,0,0,0,,,360,50,11.4,76.7,250,N,Y,Y,N,Y,N,N,full breeding plummage 
0372,N-0372,Necropsy,6-Jun-17,29-Sep-17,"BAFB, LA",Barksdale,Male,Y,0,0,0,0,,,370,53,12.5,76,256,N,Y,Y,N,Y,N,N,"full breeding plummage, fat on chest and stomach  "
0373,N-0373,Necropsy,21-Jun-17,29-Sep-17,"BAFB, LA",Barksdale,Female,Y,0,0,0,0,,,390,52.4,10.2,75.6,264,N,Y,Y,N,Y,N,N,full breeding plummage 
0374,N-0374,Necropsy,6-Jun-17,29-Sep-17,"BAFB, LA",Barksdale,Female,Y,0,0,0,0,,,345,53.3,11.6,73.2,248,N,Y,Y,N,Y,N,N,"full breeding plummage, gavid "
0375,N-0375,Necropsy,21-Jun-17,29-Sep-17,"BAFB, LA",Barksdale,Male,Y,0,0,0,0,,,345,51.2,11.4,73.4,255,N,Y,Y,N,Y,N,N,full breeding plummage 
0376,N-0376,Necropsy,21-Jun-17,29-Sep-17,"BAFB, LA",Barksdale,Unknown,Y,0,0,0,0,,,345,51.8,12.3,79.5,251,N,Y,Y,N,Y,N,N,full breeding plummage 
0377,N-0377,Necropsy,21-Jun-17,29-Sep-17,"BAFB, LA",Barksdale,Male,Y,0,0,0,0,380,11,369,50.1,11.4,77.9,259,N,Y,Y,N,Y,N,N,full breeding plummage 
0378,N-0378,Necropsy,21-Jun-17,29-Sep-17,"BAFB, LA",Barksdale,Unknown,Y,0,0,0,0,,,330,58.7,12,79.3,256,N,Y,Y,N,Y,N,N,full breeding plummage 
0379,N-0379,Necropsy,21-Jun-17,29-Sep-17,"BAFB, LA",Barksdale,Female,Y,0,0,0,0,360,12,348,59.9,10.3,71.1,236,N,Y,Y,N,Y,N,N,"faint breeding plummage, large spleen"
0380,N-0380,Necropsy,21-Jun-17,29-Sep-17,"BAFB, LA",Barksdale,Female,Y,0,0,0,0,,,290,,,79.9,258,N,Y,Y,N,Y,N,N,"no head, full breeding plummage "
0381,N-0381,Necropsy,7-Jun-17,9-Oct-17,"BAFB, LA",Barksdale,Male,Y,0,0,0,0,,,370,49.8,10.3,73.4,263,N,Y,Y,N,Y,N,N,"FBP, fat on stomach"
0382,N-0382,Necropsy,29-May-17,9-Oct-17,OLF Spencer ,Milton,Male,Y,0,0,0,0,,,320,49.9,10.3,80.2,250,N,Y,Y,N,Y,N,N,"FBP, caught at 10:30, mottling on stomach"
0383,N-0383,Necropsy,18-Jul-17,9-Oct-17,N. Whiting Field,Milton,Female,Y,0,0,0,0,,,280,46.8,10.3,75.5,240,N,Y,Y,N,Y,N,N,FBP
0384,N-0384,Necropsy,7-Jun-17,9-Oct-17,"BAFB, LA",Louisiana ,Female,Y,0,0,0,0,,,350,50.2,11.4,70.1,365,N,Y,Y,N,Y,N,N,FBP
0385,N-0385,Necropsy,31-May-17,9-Oct-17,OLF Spencer ,Milton,Male,Y,0,0,0,0,,,360,47.8,10.3,78,358,N,Y,Y,N,Y,N,N,FBP
0386,N-0386,Necropsy,12-Jul-17,9-Oct-17,OLF Spencer ,Milton,Female,Y,0,0,0,0,330,11,319,46,10.3,75.6,251,N,Y,Y,N,Y,N,N,"FBP, 1 fly found "
0387,N-0387,Necropsy,7-Jun-17,9-Oct-17,"BAFB, LA",Barksdale,Male,Y,0,0,0,0,,,400,50.1,10.3,79.1,256,N,Y,Y,N,Y,N,N,FBP
0388,N-0388,Necropsy,7-Jun-17,9-Oct-17,"BAFB, LA",Barksdale,Female,Y,0,0,0,0,345,10,335,49.9,10.2,67,256,N,Y,Y,N,Y,N,N,"FBP, gravid"
0389,N-0389,Necropsy,7-Jun-17,9-Oct-17,"BAFB, LA",Barksdale,Male,Y,0,0,0,0,400,12,388,50.1,11.4,79,260,N,Y,Y,N,Y,N,N,FBP
0390,N-0390,Necropsy,7-Jun-17,9-Oct-17,"BAFB, LA",Barksdale,Male,Y,0,0,0,0,,,350,50.1,10.2,90.1,258,N,Y,Y,N,Y,N,N,FBP
0391,N-0391,Necropsy,10-Jul-17,9-Oct-17,N. Whiting Field,Milton,Male,Y,0,0,0,0,,,335,49.7,14.8,76.5,244,N,Y,Y,N,Y,N,N,FBP
0392,N-0392,Necropsy,7-Jun-17,9-Oct-17,"BAFB, LA",Barksdale,Male,Y,0,0,0,0,,,360,45.9,13,75,250,N,Y,Y,N,Y,N,N,FBP
0393,N-0393,Necropsy,7-Jun-17,9-Oct-17,"BAFB, LA",Barksdale,Male,Y,0,0,0,0,,,420,49.8,13.3,78.2,264,N,Y,Y,N,Y,N,N,FBP
0394,N-0394,Necropsy,7-Jun-17,9-Oct-17,"BAFB, LA",Barksdale,Male,Y,0,0,0,0,,,350,46.7,12.1,78.4,252,N,Y,Y,N,Y,N,N,FBP
0395,N-0395,Necropsy,7-Jun-17,9-Oct-17,"BAFB, LA",Barksdale,Female,Y,0,0,0,0,,,350,48,12.3,77.9,255,N,Y,Y,N,Y,N,N,FBP
0396,N-0396,Necropsy,7-Jun-17,9-Oct-17,"BAFB, LA",Barksdale,Male,Y,0,0,0,0,,,380,48.1,11.9,72,265,N,Y,Y,N,Y,N,N,FBP
0397,N-0397,Necropsy,7-Jun-17,9-Oct-17,"BAFB, LA",Barksdale,Male,Y,0,0,0,0,,,370,51.8,14.4,76.8,272,N,Y,Y,N,Y,N,N,"FBP, ate a rat "
0398,N-0398,Necropsy,7-Jun-17,9-Oct-17,"BAFB, LA",Barksdale,Male,Y,0,0,0,0,,,395,50,14,82.9,259,N,Y,Y,N,Y,N,N,FBP
0399,N-0399,Necropsy,7-Jun-17,9-Oct-17,"BAFB, LA",Barksdale,Female,Y,0,0,0,0,,,345,48.2,12.2,78.4,248,N,Y,Y,N,Y,N,N,"FBP, gavid"
0400,N-0400,Necropsy,7-Jun-17,9-Oct-17,"BAFB, LA",Barksdale,Male,Y,0,0,0,0,,,390,49,13,87.2,265,N,Y,Y,N,Y,N,N,FBP
0401,N-0401,Necropsy,8-Jun-17,27-Oct-17,OLF Spencer ,Milton,Female,Y,0,0,0,0,,,360,48.1,12.7,77,246,N,Y,Y,N,Y,N,N,FBP
0402,N-0402,Necropsy,23-Jun-17,27-Oct-17,NOLF ,"Summerdale, AL",Male,Y,0,0,0,0,,,423,47.5,13.4,76.7,262,N,Y,Y,N,Y,N,N,"FBP, excess fat on stomach, 1 fly"
0403,N-0403,Necropsy,22-May-17,27-Oct-17,OLF Spencer ,Milton,Female,Y,0,0,0,0,,,410,45.3,13.5,79.1,264,N,Y,Y,N,Y,N,N,"FBP, 2 flies on side/table, gavid, fat on stomach, 3 large yolks"
0404,N-0404,Necropsy,8-Jun-17,27-Oct-17,OLF Spencer ,Milton,Female,Y,0,0,0,0,,,335,48.5,12.1,80.5,240,N,Y,Y,N,Y,N,N,"FBP, but faint on chest and back"
0405,N-0405,Necropsy,30-May-17,27-Oct-17,OLF Spencer ,Milton,Male,Y,0,0,0,0,,,345,52,12.6,84.1,263,N,Y,Y,N,Y,N,N,"FBP, small spleen "
0406,N-0406,Necropsy,8-Jun-17,27-Oct-17,OLF Spencer ,Milton,Male,Y,0,0,0,0,,,425,48.9,13,84.1,264,N,Y,Y,N,Y,N,N,"FBP, 2 flies on side/table, small testes, not enough to be juvinile "
0407,N-0407,Necropsy,23-Jun-17,27-Oct-17,NOLF ,"Summerdale, AL",Female,Y,0,0,0,0,,,360,47.3,13.8,81.7,245,N,Y,Y,N,Y,N,N,FBP
0408,N-0408,Necropsy,18-Jul-17,27-Oct-17,N. Whiting Field,Milton,Female,Y,0,0,0,0,,,335,51.8,12,85.5,259,N,Y,Y,N,Y,N,N,FBP
0409,N-0409,Necropsy,18-Jul-17,27-Oct-17,OLF Spencer ,Milton,Female,Y,0,0,0,0,,,315,42.6,11.1,78.4,244,N,Y,Y,N,Y,N,N,FBP
0410,N-0410,Necropsy,6-Jul-17,27-Oct-17,S. Whiting Field ,Milton,Male,Y,0,0,0,0,,,345,48.9,12.3,78.9,254,N,Y,Y,N,Y,N,N,FBP
0411,N-0411,Necropsy,31-May-17,27-Oct-17,OLF Spencer ,Milton,Female,Y,0,0,0,0,,,360,47.3,11.8,78.6,251,N,Y,Y,N,Y,N,N,"FBP, gavid "
0412,N-0412,Necropsy,22-Jun-17,27-Oct-17,OLF Santa Rosa,Santa Rosa,Female,Y,0,0,0,0,,,360,45.9,13,79.3,246,N,Y,Y,N,Y,N,N,"BP on head only, juvenile?, normal ovaries "
0413,N-0413,Necropsy,29-Jun-17,27-Oct-17,NOLF Santa Rosa,Santa Rosa,Female,Y,0,0,0,0,,,360,50.4,12.8,82.6,254,N,Y,Y,N,Y,N,N,"FBP, flies on neck and chest "
0414,N-0414,Necropsy,10-Jul-17,27-Oct-17,Whiting Field,Milton,Female,Y,0,0,0,0,,,355,48.2,13.3,78.3,241,N,Y,Y,N,Y,N,N,FBP
0415,N-0415,Necropsy,7-Jul-17,27-Oct-17,OLF Pace,Milton,Female,Y,0,0,0,0,,,365,46.7,14.5,82.7,255,N,Y,Y,N,Y,N,N,FBP
0416,N-0416,Necropsy,19-Jul-17,27-Oct-17,OLF Spencer ,Milton,Female,Y,0,0,0,0,,,320,47,12.9,78.4,253,N,Y,Y,N,Y,N,N,FBP
0417,N-0417,Necropsy,22-May-17,27-Oct-17,OLF Spencer ,Milton,Female,Y,0,0,0,0,,,370,48.7,12.9,76.4,256,N,Y,Y,N,Y,N,N,FBP
0418,N-0418,Necropsy,7-Jul-17,27-Oct-17,OLF Spencer ,Milton,Male,Y,0,0,0,0,,,345,46.5,12.3,80,246,N,Y,Y,N,Y,N,N,FBP
0419,N-0419,Necropsy,22-May-17,27-Oct-17,OLF Spencer ,Milton,Male,Y,0,0,0,0,,,390,50.4,12.4,77.1,252,N,Y,Y,N,Y,N,N,FBP
0420,N-0420,Necropsy,9-Jun-17,27-Oct-17,OLF Spencer ,Milton,Female,Y,0,0,0,0,,,355,48.2,12.6,72.4,261,N,Y,Y,N,Y,N,N,"FBP, fly-table, excess fat"
0421,N-0421,Necropsy,19-Jul-17,27-Oct-17,OLF Spencer ,Milton,Female,Y,0,0,0,0,,,370,47.3,12,87.9,254,N,Y,Y,N,Y,N,N,FBP
0422,N-0422,Necropsy,31-May-17,27-Oct-17,OLF Spencer ,Milton,Female,Y,0,0,0,0,,,300,47.5,11.9,71,248,N,Y,Y,N,Y,N,N,FBP
0423,N-0423,Necropsy,10-Jul-17,27-Oct-17,Whiting Field,Milton,Male,Y,0,0,0,0,,,340,49,11.4,79,263,N,Y,Y,N,Y,N,N,FBP
0424,N-0424,Necropsy,24-Jul-17,27-Oct-17,Whiting Field,Milton,Male,Y,0,0,0,0,,,410,49.9,12.5,84.1,256,N,Y,Y,N,Y,N,N,FBP
0425,N-0425,Necropsy,18-Jul-17,27-Oct-17,"Santa Rosa, FL",Santa Rosa,Female,Y,0,0,0,0,,,405,48.6,13,76.6,261,N,Y,Y,N,Y,N,N,FBP 
0426,N-0426,Necropsy,4-Aug-17,6-Nov-17,Savannah Airport,Georgia ,Male,Y,0,0,0,0,,,345,50.2,12.6,83.3,267,N,Y,Y,N,Y,N,N,"FBP, small testes, juvenile, blood feathers "
0427,N-0427,Necropsy,4-Aug-17,6-Nov-17,Savannah Airport,Georgia ,Female,Y,0,0,0,0,,,340,47.2,12.6,74.7,258,N,Y,Y,N,Y,N,N,"FBP, white floofs, blood feathers "
0428,N-0428,Necropsy,4-Aug-17,6-Nov-17,Savannah Airport,Georgia ,Male,Y,0,0,0,0,,,350,48.9,13.2,81.6,255,N,Y,Y,N,Y,N,N,FBP
0429,N-0429,Necropsy,4-Aug-17,6-Nov-17,Savannah Airport,Georgia ,Female,Y,0,0,0,0,,,310,47.5,12.1,68.5,256,N,Y,Y,N,Y,N,N,"FBP, white floofs, blood feathers "
0430,N-0430,Necropsy,4-Aug-17,6-Nov-17,Savannah Airport,Georgia ,Female,Y,0,0,0,0,,,340,49.7,12.7,78.2,262,N,Y,Y,N,Y,N,N,FBP
0431,N-0431,Necropsy,18-Jul-17,6-Nov-17,N. Whiting Field,Milton,Male,Y,0,0,0,0,,,385,50.4,13.1,84.7,271,N,Y,Y,N,Y,N,N,"FBP, 3 flies on bag, table, chest"
0432,N-0432,Necropsy,18-Jul-17,6-Nov-17,"Santa Rosa, FL",Santa Rosa,Female,Y,0,0,0,0,,,355,47.5,11.7,83.3,255,N,Y,Y,N,Y,N,N,FBP
0433,N-0433,Necropsy,21-Jun-17,6-Nov-17,"BAFB, LA",Louisiana ,Female,Y,0,0,0,0,355,11,344,46.8,13.1,77.1,247,N,Y,Y,N,Y,N,N,FBP
0434,N-0434,Necropsy,,6-Nov-17,OLF Spencer ,Milton,Male,Y,0,0,0,0,400,12,388,49.9,10.2,69.4,268,N,Y,Y,N,Y,N,N,"FBP, large spleen, pic taken on phone, same bag as spencer "
0435,N-0435,Necropsy,17-Jul-17,6-Nov-17,OLF Spencer,Milton,Male,Y,0,0,0,0,,,345,50.6,13.3,83.4,251,N,Y,Y,N,Y,N,N,"FBP, white floofs "
0436,N-0436,Necropsy,21-Jun-17,6-Nov-17,"BAFB, LA",Louisiana ,Male,Y,0,0,0,0,360,11,349,,,72.7,254,N,Y,Y,N,Y,N,N,"FBP on chest and bach, no head "
0437,N-0437,Necropsy,21-Jun-17,6-Nov-17,"BAFB, LA",Louisiana ,Female,Y,0,0,0,0,,,343,49,12.8,80.1,260,N,Y,Y,N,Y,N,N,FBP
0438,N-0438,Necropsy,9-Jun-17,6-Nov-17,OLF Spencer ,Milton,Female,Y,0,0,0,0,350,14,336,49,13,79.8,260,N,Y,Y,N,Y,N,N,"FBP, large spleen "
0439,N-0439,Necropsy,29-Aug-17,6-Nov-17,"SIA, Savannah",Georgia ,Female,Y,0,0,0,0,,,340,47.1,12.7,78.9,261,N,Y,Y,N,Y,N,N,FBP
0440,N-0440,Necropsy,21-Jun-17,6-Nov-17,"BAFB, LA",Louisiana ,Female,Y,0,0,0,0,,,315,49.5,13.3,80.2,256,N,Y,Y,N,Y,N,N,"FBP, large string wrapped around foot"
0441,N-0441,Necropsy,28-Aug-17,6-Nov-17,"SIA, Savannah",Georgia ,Female,Y,0,0,0,0,,,325,47.9,12.4,80.3,247,N,Y,Y,N,Y,N,N,FBP
0442,N-0442,Necropsy,28-Aug-17,6-Nov-17,"SIA, Savannah",Georgia ,Female,Y,0,0,0,0,,,270,45.3,12.1,72.5,250,N,Y,Y,N,Y,N,N,"very faint breeding plummage on head, none on back/chest, white floofs, blood feathers, small ovaries, juvi"
0443,N-0443,Necropsy,28-Aug-17,6-Nov-17,"SIA, Savannah",Georgia ,Female,Y,0,0,0,0,,,315,50,10.3,76.7,250,N,Y,Y,N,Y,N,N,FBP
0444,N-0444,Necropsy,28-Aug-17,6-Nov-17,"SIA, Savannah",Georgia ,Male,Y,0,0,0,0,,,360,47.4,14,80,262,N,Y,Y,N,Y,N,N,"FBP, small testes "
0445,N-0445,Necropsy,,,,,,,,,,,,,,,,,,,,,,,,,
0446,N-0446,Necropsy,,,,,,,,,,,,,,,,,,,,,,,,,
0447,N-0447,Necropsy,,,,,,,,,,,,,,,,,,,,,,,,,
0448,N-0448,Necropsy,,,,,,,,,,,,,,,,,,,,,,,,,
